﻿<?xml version="1.0" encoding="utf-8"?>
<deployment>
  <id>7bf5e1ae-2485-4e03-90cf-96536f4bd724</id>
  <author>N/A</author>
  <deployer>OneDeploy</deployer>
  <authorEmail>N/A</authorEmail>
  <message>OneDeploy</message>
  <progress></progress>
  <status>Success</status>
  <statusText></statusText>
  <lastSuccessEndTime>2025-07-20T07:24:14.2830639Z</lastSuccessEndTime>
  <receivedTime>2025-07-20T07:24:06.8436126Z</receivedTime>
  <startTime>2025-07-20T07:24:08.1338549Z</startTime>
  <endTime>2025-07-20T07:24:14.2830639Z</endTime>
  <complete>True</complete>
  <is_temp>False</is_temp>
  <is_readonly>True</is_readonly>
  <buildSummary />
</deployment>