﻿<?xml version="1.0" encoding="utf-8"?>
<deployment>
  <id>dcb55c42-fa99-4a8b-83aa-75b080e1a5f4</id>
  <author>N/A</author>
  <deployer>OneDeploy</deployer>
  <authorEmail>N/A</authorEmail>
  <message>OneDeploy</message>
  <progress></progress>
  <status>Success</status>
  <statusText></statusText>
  <lastSuccessEndTime>2025-07-20T10:01:22.216122Z</lastSuccessEndTime>
  <receivedTime>2025-07-20T10:00:41.1320855Z</receivedTime>
  <startTime>2025-07-20T10:00:42.4503276Z</startTime>
  <endTime>2025-07-20T10:01:22.216122Z</endTime>
  <complete>True</complete>
  <is_temp>False</is_temp>
  <is_readonly>True</is_readonly>
  <buildSummary />
</deployment>