{"Version":1,"ManifestType":"Publish","Endpoints":[{"Route":"css/site.css","AssetFile":"css/site.css","Selectors":[],"ResponseHeaders":[{"Name":"Accept-Ranges","Value":"bytes"},{"Name":"Cache-Control","Value":"no-cache"},{"Name":"Content-Length","Value":"577"},{"Name":"Content-Type","Value":"text/css"},{"Name":"ETag","Value":"\"igHcyAICaJAOlsSLpJFBeuU/Yz1iieLYDIaw7pOA5eA=\""},{"Name":"Last-Modified","Value":"Mon, 21 Jul 2025 16:42:12 GMT"}],"EndpointProperties":[{"Name":"integrity","Value":"sha256-igHcyAICaJAOlsSLpJFBeuU/Yz1iieLYDIaw7pOA5eA="}]},{"Route":"css/site.imangrttsh.css","AssetFile":"css/site.css","Selectors":[],"ResponseHeaders":[{"Name":"Accept-Ranges","Value":"bytes"},{"Name":"Cache-Control","Value":"max-age=31536000, immutable"},{"Name":"Content-Length","Value":"577"},{"Name":"Content-Type","Value":"text/css"},{"Name":"ETag","Value":"\"igHcyAICaJAOlsSLpJFBeuU/Yz1iieLYDIaw7pOA5eA=\""},{"Name":"Last-Modified","Value":"Mon, 21 Jul 2025 16:42:12 GMT"}],"EndpointProperties":[{"Name":"fingerprint","Value":"imangrttsh"},{"Name":"integrity","Value":"sha256-igHcyAICaJAOlsSLpJFBeuU/Yz1iieLYDIaw7pOA5eA="},{"Name":"label","Value":"css/site.css"}]},{"Route":"js/site.7773k6o7bn.js","AssetFile":"js/site.js","Selectors":[],"ResponseHeaders":[{"Name":"Accept-Ranges","Value":"bytes"},{"Name":"Cache-Control","Value":"max-age=31536000, immutable"},{"Name":"Content-Length","Value":"227"},{"Name":"Content-Type","Value":"text/javascript"},{"Name":"ETag","Value":"\"M/NWkv1X50B/mnplD8xcwSuCiCT0T48sTRMzI9h7PBE=\""},{"Name":"Last-Modified","Value":"Mon, 21 Jul 2025 16:42:12 GMT"}],"EndpointProperties":[{"Name":"fingerprint","Value":"7773k6o7bn"},{"Name":"integrity","Value":"sha256-M/NWkv1X50B/mnplD8xcwSuCiCT0T48sTRMzI9h7PBE="},{"Name":"label","Value":"js/site.js"}]},{"Route":"js/site.js","AssetFile":"js/site.js","Selectors":[],"ResponseHeaders":[{"Name":"Accept-Ranges","Value":"bytes"},{"Name":"Cache-Control","Value":"no-cache"},{"Name":"Content-Length","Value":"227"},{"Name":"Content-Type","Value":"text/javascript"},{"Name":"ETag","Value":"\"M/NWkv1X50B/mnplD8xcwSuCiCT0T48sTRMzI9h7PBE=\""},{"Name":"Last-Modified","Value":"Mon, 21 Jul 2025 16:42:12 GMT"}],"EndpointProperties":[{"Name":"integrity","Value":"sha256-M/NWkv1X50B/mnplD8xcwSuCiCT0T48sTRMzI9h7PBE="}]},{"Route":"knowledge-agent.23icbffnma.html","AssetFile":"knowledge-agent.html","Selectors":[],"ResponseHeaders":[{"Name":"Accept-Ranges","Value":"bytes"},{"Name":"Cache-Control","Value":"max-age=31536000, immutable"},{"Name":"Content-Length","Value":"13694"},{"Name":"Content-Type","Value":"text/html"},{"Name":"ETag","Value":"\"cuIFfsNtXo+7xOkQq+hQnd1G36HF3H4L2OE72watoqY=\""},{"Name":"Last-Modified","Value":"Wed, 23 Jul 2025 17:02:13 GMT"}],"EndpointProperties":[{"Name":"fingerprint","Value":"23icbffnma"},{"Name":"integrity","Value":"sha256-cuIFfsNtXo+7xOkQq+hQnd1G36HF3H4L2OE72watoqY="},{"Name":"label","Value":"knowledge-agent.html"}]},{"Route":"knowledge-agent.html","AssetFile":"knowledge-agent.html","Selectors":[],"ResponseHeaders":[{"Name":"Accept-Ranges","Value":"bytes"},{"Name":"Cache-Control","Value":"no-cache"},{"Name":"Content-Length","Value":"13694"},{"Name":"Content-Type","Value":"text/html"},{"Name":"ETag","Value":"\"cuIFfsNtXo+7xOkQq+hQnd1G36HF3H4L2OE72watoqY=\""},{"Name":"Last-Modified","Value":"Wed, 23 Jul 2025 17:02:13 GMT"}],"EndpointProperties":[{"Name":"integrity","Value":"sha256-cuIFfsNtXo+7xOkQq+hQnd1G36HF3H4L2OE72watoqY="}]},{"Route":"lib/bootstrap/dist/css/bootstrap.min.1egtli7jyq.css","AssetFile":"lib/bootstrap/dist/css/bootstrap.min.css","Selectors":[],"ResponseHeaders":[{"Name":"Accept-Ranges","Value":"bytes"},{"Name":"Cache-Control","Value":"max-age=31536000, immutable"},{"Name":"Content-Length","Value":"2549"},{"Name":"Content-Type","Value":"text/css"},{"Name":"ETag","Value":"\"OeXQdKQK8ax8zaFy4IJuAqVSmTUTcz1a7YYRmWtDbrE=\""},{"Name":"Last-Modified","Value":"Mon, 21 Jul 2025 16:42:12 GMT"}],"EndpointProperties":[{"Name":"fingerprint","Value":"1egtli7jyq"},{"Name":"integrity","Value":"sha256-OeXQdKQK8ax8zaFy4IJuAqVSmTUTcz1a7YYRmWtDbrE="},{"Name":"label","Value":"lib/bootstrap/dist/css/bootstrap.min.css"}]},{"Route":"lib/bootstrap/dist/css/bootstrap.min.css","AssetFile":"lib/bootstrap/dist/css/bootstrap.min.css","Selectors":[],"ResponseHeaders":[{"Name":"Accept-Ranges","Value":"bytes"},{"Name":"Cache-Control","Value":"no-cache"},{"Name":"Content-Length","Value":"2549"},{"Name":"Content-Type","Value":"text/css"},{"Name":"ETag","Value":"\"OeXQdKQK8ax8zaFy4IJuAqVSmTUTcz1a7YYRmWtDbrE=\""},{"Name":"Last-Modified","Value":"Mon, 21 Jul 2025 16:42:12 GMT"}],"EndpointProperties":[{"Name":"integrity","Value":"sha256-OeXQdKQK8ax8zaFy4IJuAqVSmTUTcz1a7YYRmWtDbrE="}]},{"Route":"lib/bootstrap/dist/js/bootstrap.bundle.min.js","AssetFile":"lib/bootstrap/dist/js/bootstrap.bundle.min.js","Selectors":[],"ResponseHeaders":[{"Name":"Accept-Ranges","Value":"bytes"},{"Name":"Cache-Control","Value":"no-cache"},{"Name":"Content-Length","Value":"343"},{"Name":"Content-Type","Value":"text/javascript"},{"Name":"ETag","Value":"\"Y4OLZ7XhblvawtfYfJkkKM2BdgggFunf7/doKje6c8I=\""},{"Name":"Last-Modified","Value":"Mon, 21 Jul 2025 16:42:12 GMT"}],"EndpointProperties":[{"Name":"integrity","Value":"sha256-Y4OLZ7XhblvawtfYfJkkKM2BdgggFunf7/doKje6c8I="}]},{"Route":"lib/bootstrap/dist/js/bootstrap.bundle.min.xvutb8nzjs.js","AssetFile":"lib/bootstrap/dist/js/bootstrap.bundle.min.js","Selectors":[],"ResponseHeaders":[{"Name":"Accept-Ranges","Value":"bytes"},{"Name":"Cache-Control","Value":"max-age=31536000, immutable"},{"Name":"Content-Length","Value":"343"},{"Name":"Content-Type","Value":"text/javascript"},{"Name":"ETag","Value":"\"Y4OLZ7XhblvawtfYfJkkKM2BdgggFunf7/doKje6c8I=\""},{"Name":"Last-Modified","Value":"Mon, 21 Jul 2025 16:42:12 GMT"}],"EndpointProperties":[{"Name":"fingerprint","Value":"xvutb8nzjs"},{"Name":"integrity","Value":"sha256-Y4OLZ7XhblvawtfYfJkkKM2BdgggFunf7/doKje6c8I="},{"Name":"label","Value":"lib/bootstrap/dist/js/bootstrap.bundle.min.js"}]},{"Route":"lib/jquery/dist/jquery.min.ehgnz7f14e.js","AssetFile":"lib/jquery/dist/jquery.min.js","Selectors":[],"ResponseHeaders":[{"Name":"Accept-Ranges","Value":"bytes"},{"Name":"Cache-Control","Value":"max-age=31536000, immutable"},{"Name":"Content-Length","Value":"89503"},{"Name":"Content-Type","Value":"text/javascript"},{"Name":"ETag","Value":"\"zp0HUArZHsK1JMJwdk7EyaM+eDINjTdOxADt5Ij2JRs=\""},{"Name":"Last-Modified","Value":"Mon, 21 Jul 2025 16:42:12 GMT"}],"EndpointProperties":[{"Name":"fingerprint","Value":"ehgnz7f14e"},{"Name":"integrity","Value":"sha256-zp0HUArZHsK1JMJwdk7EyaM+eDINjTdOxADt5Ij2JRs="},{"Name":"label","Value":"lib/jquery/dist/jquery.min.js"}]},{"Route":"lib/jquery/dist/jquery.min.js","AssetFile":"lib/jquery/dist/jquery.min.js","Selectors":[],"ResponseHeaders":[{"Name":"Accept-Ranges","Value":"bytes"},{"Name":"Cache-Control","Value":"no-cache"},{"Name":"Content-Length","Value":"89503"},{"Name":"Content-Type","Value":"text/javascript"},{"Name":"ETag","Value":"\"zp0HUArZHsK1JMJwdk7EyaM+eDINjTdOxADt5Ij2JRs=\""},{"Name":"Last-Modified","Value":"Mon, 21 Jul 2025 16:42:12 GMT"}],"EndpointProperties":[{"Name":"integrity","Value":"sha256-zp0HUArZHsK1JMJwdk7EyaM+eDINjTdOxADt5Ij2JRs="}]}]}