﻿<?xml version="1.0" encoding="utf-8"?>
<deployment>
  <id>9ad3cf9b-7141-4afb-9b6a-99147eca464a</id>
  <author>N/A</author>
  <deployer>OneDeploy</deployer>
  <authorEmail>N/A</authorEmail>
  <message>OneDeploy</message>
  <progress></progress>
  <status>Success</status>
  <statusText></statusText>
  <lastSuccessEndTime>2025-07-20T07:40:43.0473057Z</lastSuccessEndTime>
  <receivedTime>2025-07-20T07:40:36.2096214Z</receivedTime>
  <startTime>2025-07-20T07:40:37.5592142Z</startTime>
  <endTime>2025-07-20T07:40:43.0473057Z</endTime>
  <complete>True</complete>
  <is_temp>False</is_temp>
  <is_readonly>True</is_readonly>
  <buildSummary />
</deployment>