﻿<?xml version="1.0" encoding="utf-8"?>
<deployment>
  <id>ae381ca4-599a-49fc-bd76-c3f91d509e02</id>
  <author>N/A</author>
  <deployer>OneDeploy</deployer>
  <authorEmail>N/A</authorEmail>
  <message>OneDeploy</message>
  <progress></progress>
  <status>Success</status>
  <statusText></statusText>
  <lastSuccessEndTime>2025-07-20T08:05:34.4376925Z</lastSuccessEndTime>
  <receivedTime>2025-07-20T08:05:27.3471852Z</receivedTime>
  <startTime>2025-07-20T08:05:28.7887459Z</startTime>
  <endTime>2025-07-20T08:05:34.4376925Z</endTime>
  <complete>True</complete>
  <is_temp>False</is_temp>
  <is_readonly>True</is_readonly>
  <buildSummary />
</deployment>