﻿<?xml version="1.0" encoding="utf-8"?>
<deployment>
  <id>87b1994e-4228-4844-a952-ce1f8203a169</id>
  <author>N/A</author>
  <deployer>OneDeploy</deployer>
  <authorEmail>N/A</authorEmail>
  <message>OneDeploy</message>
  <progress></progress>
  <status>Success</status>
  <statusText></statusText>
  <lastSuccessEndTime>2025-07-20T08:34:30.2931372Z</lastSuccessEndTime>
  <receivedTime>2025-07-20T08:34:23.3311561Z</receivedTime>
  <startTime>2025-07-20T08:34:24.7242603Z</startTime>
  <endTime>2025-07-20T08:34:30.2931372Z</endTime>
  <complete>True</complete>
  <is_temp>False</is_temp>
  <is_readonly>True</is_readonly>
  <buildSummary />
</deployment>