<step title="BackgroundTrace" date="2025-07-18T19:15:45.364" instance="b2a08e" url="/api/zipdeploy" method="POST" >
  <step title="Creating temporary deployment - FetchDeploymentManager" date="2025-07-18T19:15:45.402" /><!-- duration: 1ms -->
  <step title="Creating temporary deployment" date="2025-07-18T19:15:45.405" /><!-- duration: 83ms -->
  <step title="Performing fetch based deployment" date="2025-07-18T19:15:45.544" >
    <step title="Cleaning up temp folders from previous zip deployments and extracting pushed zip file /tmp/zipdeploy/353c8f54-c298-42dc-a26b-08af2997513d.zip (3.60 MB) to /tmp/zipdeploy/extracted" date="2025-07-18T19:15:46.830" >
      <step title="ChmodRecursive Process exited with total time taken in ms: 320" date="2025-07-18T19:15:47.604" /><!-- duration: 2ms -->
    </step><!-- duration: 777ms -->
    <step title="Deployment timer started" date="2025-07-18T19:15:49.627" >
      <step title="DeploymentManager.Deploy(id:80dabead-ff8d-4ddf-8fd9-eda35b896cf7)" date="2025-07-18T19:15:49.631" >
        <step title="Collecting changeset information" date="2025-07-18T19:15:49.651" /><!-- duration: 106ms -->
        <step title="Updating submodules" date="2025-07-18T19:15:49.760" /><!-- duration: 1176ms -->
        <step title="Determining deployment builder" date="2025-07-18T19:15:51.223" >
          <step title="Builder is BasicBuilder" date="2025-07-18T19:15:51.235" /><!-- duration: 10ms -->
        </step><!-- duration: 30ms -->
        <step title="PreDeployment: context.CleanOutputPath False" date="2025-07-18T19:15:51.345" >
          <step title="PreDeployment: context.OutputPath /home/site/wwwroot" date="2025-07-18T19:15:51.512" >
            <step title="Building" date="2025-07-18T19:15:51.631" >
              <step title="Executing external process" date="2025-07-18T19:15:51.910" type="process" path="starter.sh" arguments="/opt/Kudu/Scripts/parallel_rsync.sh /tmp/zipdeploy/extracted /home/site/wwwroot 8 /tmp/ False True  " /><!-- duration: 3733ms -->
              <step title="Triggering recycle (preview mode disabled)." date="2025-07-18T19:15:55.868" /><!-- duration: 22ms -->
              <step title="Modified file to trigger a restart of the app container." date="2025-07-18T19:15:55.967" /><!-- duration: 1ms -->
              <step title="Skip function trigger and logicapp sync because function is not enabled." date="2025-07-18T19:15:55.971" /><!-- duration: 7ms -->
            </step><!-- duration: 5113ms -->
          </step><!-- duration: 5237ms -->
          <step title="Cleaning up temp files" date="2025-07-18T19:15:56.749" /><!-- duration: 10ms -->
          <step title="Cleaning up temp files" date="2025-07-18T19:15:56.761" /><!-- duration: 511ms -->
          <step title="Reloading status file with latest updates" date="2025-07-18T19:15:57.300" >
            <step title="WebHooksManager.PublishEventAsync: PostDeployment" date="2025-07-18T19:15:57.307" /><!-- duration: 41ms -->
          </step><!-- duration: 49ms -->
          <step title="Cleaning up temporary deployment - fetch deployment was successful" date="2025-07-18T19:15:57.358" /><!-- duration: 1ms -->
        </step><!-- duration: 6141ms -->
      </step><!-- duration: 7863ms -->
