<step title="Incoming Request" date="2025-07-18T21:31:19.444" instance="b2a08e" url="/api/zipdeploy?isAsync=true" method="POST" type="request" pid="827,1,63" Accept="*/*" Host="mos-retail-rag-app.scm.azurewebsites.net" User-Agent="AZURECLI/2.69.0 (MSI)" Accept-Encoding="gzip, deflate" Authorization="Bea..." Cache-Control="no-cache" Content-Type="application/octet-stream" Content-Length="3775860" x-ms-client-request-id="88d4b998-641e-11f0-ba39-c8154ea19f3b" x-ms-artifact-checksum="3c5dca56985d9b0158dec90c99e4439919eca21ab702d7b4bdd04cf6f3adfb1e" X-ARR-LOG-ID="88d4b998-641e-11f0-ba39-c8154ea19f3b" CLIENT-IP="50.35.38.30:52826" X-SITE-DEPLOYMENT-ID="mos-retail-rag-app" WAS-DEFAULT-HOSTNAME="mos-retail-rag-app.scm.azurewebsites.net" X-Forwarded-Proto="https" X-AppService-Proto="https" X-Forwarded-TlsVersion="1.3" X-WAWS-Unencoded-URL="/api/zipdeploy?isAsync=true" X-Client-IP="50.35.38.30" X-Client-Port="52826" >
  <step title="Cleanup Xml Logs" date="2025-07-18T21:31:19.516" /><!-- duration: 7ms -->
  <step title="ZipPushDeploy" date="2025-07-18T21:31:19.642" >
    <step title="ZipDeploy. Extract zip." date="2025-07-18T21:31:19.646" /><!-- duration: 1ms -->
    <step title="Starting PushDeployAsync" date="2025-07-18T21:31:19.655" /><!-- duration: 1ms -->
    <step title="Writing artifact to /tmp/zipdeploy/fb1fc34c-4959-4551-b640-a9cc18d97626.zip" date="2025-07-18T21:31:19.665" >
      <step title="Writing multipart request body to /tmp/zipdeploy/fb1fc34c-4959-4551-b640-a9cc18d97626.zip" date="2025-07-18T21:31:19.673" /><!-- duration: 2ms -->
    </step><!-- duration: 189ms -->
    <step title="Start deployment in the background" date="2025-07-18T21:31:19.915" >
      <step title="Acquiring Deployment Lock" date="2025-07-18T21:31:20.047" /><!-- duration: 18ms -->
      <step title="Acquired Deployment Lock" date="2025-07-18T21:31:20.156" /><!-- duration: 2ms -->
    </step><!-- duration: 433ms -->
  </step><!-- duration: 755ms -->
  <step title="Outgoing response" date="2025-07-18T21:31:20.417" type="response" statusCode="202" statusText="Accepted" /><!-- duration: 1ms -->
</step><!-- duration: 976ms -->
