<step title="BackgroundTrace" date="2025-07-18T20:31:35.469" instance="b2a08e" url="/api/zipdeploy" method="POST" >
  <step title="Creating temporary deployment - FetchDeploymentManager" date="2025-07-18T20:31:35.600" /><!-- duration: 1ms -->
  <step title="Creating temporary deployment" date="2025-07-18T20:31:35.659" /><!-- duration: 637ms -->
  <step title="Performing fetch based deployment" date="2025-07-18T20:31:36.367" >
    <step title="Cleaning up temp folders from previous zip deployments and extracting pushed zip file /tmp/zipdeploy/6a5f2698-9cf9-41c9-84df-451294052254.zip (3.60 MB) to /tmp/zipdeploy/extracted" date="2025-07-18T20:31:37.613" >
      <step title="ChmodRecursive Process exited with total time taken in ms: 58" date="2025-07-18T20:31:38.231" /><!-- duration: 2ms -->
    </step><!-- duration: 626ms -->
    <step title="Deployment timer started" date="2025-07-18T20:31:40.278" >
      <step title="DeploymentManager.Deploy(id:fcb80c04-6c14-44e6-bda9-20347e3a921b)" date="2025-07-18T20:31:40.286" >
        <step title="Collecting changeset information" date="2025-07-18T20:31:40.296" /><!-- duration: 245ms -->
        <step title="Updating submodules" date="2025-07-18T20:31:40.545" /><!-- duration: 1267ms -->
        <step title="Determining deployment builder" date="2025-07-18T20:31:42.204" >
          <step title="Builder is BasicBuilder" date="2025-07-18T20:31:42.246" /><!-- duration: 29ms -->
        </step><!-- duration: 121ms -->
        <step title="PreDeployment: context.CleanOutputPath False" date="2025-07-18T20:31:42.710" >
          <step title="PreDeployment: context.OutputPath /home/site/wwwroot" date="2025-07-18T20:31:42.910" >
            <step title="Building" date="2025-07-18T20:31:43.020" >
              <step title="Executing external process" date="2025-07-18T20:31:43.341" type="process" path="starter.sh" arguments="/opt/Kudu/Scripts/parallel_rsync.sh /tmp/zipdeploy/extracted /home/site/wwwroot 8 /tmp/ False True  " /><!-- duration: 3470ms -->
              <step title="Triggering recycle (preview mode disabled)." date="2025-07-18T20:31:47.061" /><!-- duration: 3ms -->
              <step title="Modified file to trigger a restart of the app container." date="2025-07-18T20:31:47.123" /><!-- duration: 2ms -->
              <step title="Skip function trigger and logicapp sync because function is not enabled." date="2025-07-18T20:31:47.131" /><!-- duration: 2ms -->
            </step><!-- duration: 4876ms -->
          </step><!-- duration: 4993ms -->
          <step title="Cleaning up temp files" date="2025-07-18T20:31:47.905" /><!-- duration: 8ms -->
          <step title="Cleaning up temp files" date="2025-07-18T20:31:47.915" /><!-- duration: 520ms -->
          <step title="Reloading status file with latest updates" date="2025-07-18T20:31:48.505" >
            <step title="WebHooksManager.PublishEventAsync: PostDeployment" date="2025-07-18T20:31:48.522" /><!-- duration: 37ms -->
          </step><!-- duration: 55ms -->
          <step title="Cleaning up temporary deployment - fetch deployment was successful" date="2025-07-18T20:31:48.562" /><!-- duration: 1ms -->
        </step><!-- duration: 5931ms -->
      </step><!-- duration: 8364ms -->
