<step title="Incoming Request" date="2025-07-19T01:03:49.603" instance="b2a08e" url="/api/zipdeploy?isAsync=true" method="POST" type="request" pid="827,1,78" Accept="*/*" Host="mos-retail-rag-app.scm.azurewebsites.net" User-Agent="AZURECLI/2.69.0 (MSI)" Accept-Encoding="gzip, deflate" Authorization="Bea..." Cache-Control="no-cache" Content-Type="application/octet-stream" Content-Length="3796709" x-ms-client-request-id="37b53069-643c-11f0-b991-c8154ea19f3b" x-ms-artifact-checksum="461861faa4b2772282b716578a6fac18f5198dbd375c87d4483816ba2c18b1ec" X-ARR-LOG-ID="37b53069-643c-11f0-b991-c8154ea19f3b" CLIENT-IP="50.35.38.30:49266" X-SITE-DEPLOYMENT-ID="mos-retail-rag-app" WAS-DEFAULT-HOSTNAME="mos-retail-rag-app.scm.azurewebsites.net" X-Forwarded-Proto="https" X-AppService-Proto="https" X-Forwarded-TlsVersion="1.3" X-WAWS-Unencoded-URL="/api/zipdeploy?isAsync=true" X-Client-IP="50.35.38.30" X-Client-Port="49266" >
  <step title="Cleanup Xml Logs" date="2025-07-19T01:03:49.627" /><!-- duration: 24ms -->
  <step title="ZipPushDeploy" date="2025-07-19T01:03:49.733" >
    <step title="ZipDeploy. Extract zip." date="2025-07-19T01:03:49.779" /><!-- duration: 2ms -->
    <step title="Starting PushDeployAsync" date="2025-07-19T01:03:49.784" /><!-- duration: 2ms -->
    <step title="Writing artifact to /tmp/zipdeploy/a0d7afe5-40a0-47a2-8e0d-943600c773d7.zip" date="2025-07-19T01:03:49.799" >
      <step title="Writing multipart request body to /tmp/zipdeploy/a0d7afe5-40a0-47a2-8e0d-943600c773d7.zip" date="2025-07-19T01:03:49.806" /><!-- duration: 31ms -->
    </step><!-- duration: 1299ms -->
    <step title="Start deployment in the background" date="2025-07-19T01:03:51.207" >
      <step title="Acquiring Deployment Lock" date="2025-07-19T01:03:51.227" /><!-- duration: 3ms -->
      <step title="Acquired Deployment Lock" date="2025-07-19T01:03:51.288" /><!-- duration: 7ms -->
    </step><!-- duration: 290ms -->
  </step><!-- duration: 1784ms -->
  <step title="Outgoing response" date="2025-07-19T01:03:51.556" type="response" statusCode="202" statusText="Accepted" /><!-- duration: 14ms -->
</step><!-- duration: 1970ms -->
