<step title="Incoming Request" date="2025-07-20T10:00:25.626" instance="b2a08e" url="/api/publish?type=zip" method="POST" type="request" pid="827,1,47" Accept="*/*" Host="mos-retail-rag-app.scm.azurewebsites.net" User-Agent="AZURECLI/2.69.0 (MSI)" Accept-Encoding="gzip, deflate" Authorization="Bea..." Cache-Control="no-cache" Content-Type="application/octet-stream" Content-Length="106758209" x-ms-client-request-id="59c42654-6550-11f0-bf8b-c8154ea19f3b" x-ms-artifact-checksum="a211bd1f1dc6fa52a75fd5daa4fbdb111481f70b28205058b0b0c7076d5399f3" X-ARR-LOG-ID="59c42654-6550-11f0-bf8b-c8154ea19f3b" CLIENT-IP="50.35.38.30:52263" X-SITE-DEPLOYMENT-ID="mos-retail-rag-app" WAS-DEFAULT-HOSTNAME="mos-retail-rag-app.scm.azurewebsites.net" X-Forwarded-Proto="https" X-AppService-Proto="https" X-Forwarded-TlsVersion="1.3" X-WAWS-Unencoded-URL="/api/publish?type=zip" X-Client-IP="50.35.38.30" X-Client-Port="52263" >
  <step title="Cleanup Xml Logs" date="2025-07-20T10:00:25.638" /><!-- duration: 10ms -->
  <step title="OneDeploy" date="2025-07-20T10:00:25.685" >
    <step title="Starting PushDeployAsync" date="2025-07-20T10:00:25.699" /><!-- duration: 2ms -->
    <step title="Writing artifact to /tmp/zipdeploy/707b1cae-e333-410e-91e0-665556a766c5.zip" date="2025-07-20T10:00:25.738" >
      <step title="Writing multipart request body to /tmp/zipdeploy/707b1cae-e333-410e-91e0-665556a766c5.zip" date="2025-07-20T10:00:25.747" /><!-- duration: 10ms -->
    </step><!-- duration: 4464ms -->
    <step title="Attempting to fetch target branch HEAD" date="2025-07-20T10:00:30.210" /><!-- duration: 2ms -->
    <step title="Acquiring Deployment Lock" date="2025-07-20T10:00:30.221" /><!-- duration: 2ms -->
    <step title="Acquired Deployment Lock" date="2025-07-20T10:00:30.240" /><!-- duration: 2ms -->
    <step title="Performing fetch based deployment" date="2025-07-20T10:00:30.249" >
      <step title="Creating temporary deployment" date="2025-07-20T10:00:30.251" /><!-- duration: 83ms -->
      <step title="Releasing Deployment Lock" date="2025-07-20T10:00:31.509" /><!-- duration: 13ms -->
      <step title="Cleaning up temp folders from previous zip deployments and extracting pushed zip file /tmp/zipdeploy/707b1cae-e333-410e-91e0-665556a766c5.zip (101.81 MB) to /tmp/zipdeploy/extracted" date="2025-07-20T10:00:31.542" >
        <step title="ChmodRecursive Process exited with total time taken in ms: 78" date="2025-07-20T10:00:38.971" /><!-- duration: 8ms -->
      </step><!-- duration: 7446ms -->
      <step title="None repository commit" date="2025-07-20T10:00:38.996" >
        <step title="Commit id: dcb55c42-fa99-4a8b-83aa-75b080e1a5f4" date="2025-07-20T10:00:39.006" Message="OneDeploy" AuthorName="N/A" AuthorEmail="N/A" /><!-- duration: 2ms -->
      </step><!-- duration: 15ms -->
      <step title="Deployment timer started" date="2025-07-20T10:00:41.021" >
        <step title="DeploymentManager.Deploy(id:dcb55c42-fa99-4a8b-83aa-75b080e1a5f4)" date="2025-07-20T10:00:41.024" >
          <step title="Collecting changeset information" date="2025-07-20T10:00:41.101" /><!-- duration: 76ms -->
          <step title="Updating submodules" date="2025-07-20T10:00:41.184" /><!-- duration: 1113ms -->
          <step title="Determining deployment builder" date="2025-07-20T10:00:42.509" >
            <step title="Builder is OneDeployBuilder" date="2025-07-20T10:00:42.527" /><!-- duration: 9ms -->
          </step><!-- duration: 30ms -->
          <step title="PreDeployment: context.CleanOutputPath False" date="2025-07-20T10:00:42.615" >
            <step title="PreDeployment: context.OutputPath /home/site/wwwroot" date="2025-07-20T10:00:42.735" >
              <step title="Building" date="2025-07-20T10:00:42.861" >
                <step title="Executing external process" date="2025-07-20T10:00:43.291" type="process" path="starter.sh" arguments="/opt/Kudu/Scripts/parallel_rsync.sh /tmp/zipdeploy/extracted /home/site/wwwroot 8 /tmp/ False False  " /><!-- duration: 38019ms -->
                <step title="Modified file to trigger a restart of the app container." date="2025-07-20T10:01:21.853" /><!-- duration: 3ms -->
                <step title="Skip function trigger and logicapp sync because function is not enabled." date="2025-07-20T10:01:21.860" /><!-- duration: 2ms -->
                <step title="Purge deployment items" date="2025-07-20T10:01:22.861" >
                  <step title="Remove 8b805729-, Success, received at 07/19/2025 03:52:34" date="2025-07-20T10:01:22.968" /><!-- duration: 5ms -->
                </step><!-- duration: 113ms -->
              </step><!-- duration: 40177ms -->
            </step><!-- duration: 40314ms -->
            <step title="Cleaning up temp files" date="2025-07-20T10:01:23.052" /><!-- duration: 22ms -->
            <step title="Cleaning up temp files" date="2025-07-20T10:01:23.075" /><!-- duration: 520ms -->
            <step title="Reloading status file with latest updates" date="2025-07-20T10:01:23.644" >
              <step title="WebHooksManager.PublishEventAsync: PostDeployment" date="2025-07-20T10:01:23.661" /><!-- duration: 34ms -->
            </step><!-- duration: 52ms -->
            <step title="Cleaning up temporary deployment - fetch deployment was successful" date="2025-07-20T10:01:23.704" /><!-- duration: 1ms -->
          </step><!-- duration: 41178ms -->
        </step><!-- duration: 42775ms -->
        <step title="Outgoing response" date="2025-07-20T10:01:23.808" type="response" statusCode="200" statusText="OK" /><!-- duration: 2ms -->
      </step><!-- duration: 42790ms -->
