<step title="BackgroundTrace" date="2025-07-19T01:03:51.217" instance="b2a08e" url="/api/zipdeploy" method="POST" >
  <step title="Creating temporary deployment - FetchDeploymentManager" date="2025-07-19T01:03:51.299" /><!-- duration: 76ms -->
  <step title="Creating temporary deployment" date="2025-07-19T01:03:51.382" /><!-- duration: 112ms -->
  <step title="Performing fetch based deployment" date="2025-07-19T01:03:51.602" >
    <step title="Cleaning up temp folders from previous zip deployments and extracting pushed zip file /tmp/zipdeploy/a0d7afe5-40a0-47a2-8e0d-943600c773d7.zip (3.62 MB) to /tmp/zipdeploy/extracted" date="2025-07-19T01:03:52.808" >
      <step title="ChmodRecursive Process exited with total time taken in ms: 42" date="2025-07-19T01:03:53.353" /><!-- duration: 10ms -->
    </step><!-- duration: 556ms -->
    <step title="Deployment timer started" date="2025-07-19T01:03:55.384" >
      <step title="DeploymentManager.Deploy(id:c6c1895f-8acd-478e-827d-fcbb75d2f347)" date="2025-07-19T01:03:55.402" >
        <step title="Collecting changeset information" date="2025-07-19T01:03:55.497" /><!-- duration: 988ms -->
        <step title="Updating submodules" date="2025-07-19T01:03:56.490" /><!-- duration: 1193ms -->
        <step title="Determining deployment builder" date="2025-07-19T01:03:57.964" >
          <step title="Builder is BasicBuilder" date="2025-07-19T01:03:57.988" /><!-- duration: 2ms -->
        </step><!-- duration: 33ms -->
        <step title="PreDeployment: context.CleanOutputPath False" date="2025-07-19T01:03:58.063" >
          <step title="PreDeployment: context.OutputPath /home/site/wwwroot" date="2025-07-19T01:03:58.151" >
            <step title="Building" date="2025-07-19T01:03:58.280" >
              <step title="Executing external process" date="2025-07-19T01:03:58.608" type="process" path="starter.sh" arguments="/opt/Kudu/Scripts/parallel_rsync.sh /tmp/zipdeploy/extracted /home/site/wwwroot 8 /tmp/ False True  " /><!-- duration: 4889ms -->
              <step title="Triggering recycle (preview mode disabled)." date="2025-07-19T01:04:04.070" /><!-- duration: 101ms -->
              <step title="Modified file to trigger a restart of the app container." date="2025-07-19T01:04:04.231" /><!-- duration: 10ms -->
              <step title="Skip function trigger and logicapp sync because function is not enabled." date="2025-07-19T01:04:04.271" /><!-- duration: 2ms -->
            </step><!-- duration: 7294ms -->
          </step><!-- duration: 7430ms -->
          <step title="Cleaning up temp files" date="2025-07-19T01:04:05.584" /><!-- duration: 10ms -->
          <step title="Cleaning up temp files" date="2025-07-19T01:04:05.596" /><!-- duration: 512ms -->
          <step title="Reloading status file with latest updates" date="2025-07-19T01:04:06.161" >
            <step title="WebHooksManager.PublishEventAsync: PostDeployment" date="2025-07-19T01:04:06.164" /><!-- duration: 122ms -->
          </step><!-- duration: 133ms -->
          <step title="Cleaning up temporary deployment - fetch deployment was successful" date="2025-07-19T01:04:06.297" /><!-- duration: 1ms -->
        </step><!-- duration: 8309ms -->
      </step><!-- duration: 10989ms -->
