<step title="BackgroundTrace" date="2025-07-18T21:31:19.937" instance="b2a08e" url="/api/zipdeploy" method="POST" >
  <step title="Creating temporary deployment - FetchDeploymentManager" date="2025-07-18T21:31:20.167" /><!-- duration: 9ms -->
  <step title="Creating temporary deployment" date="2025-07-18T21:31:20.178" /><!-- duration: 159ms -->
  <step title="Performing fetch based deployment" date="2025-07-18T21:31:20.499" >
    <step title="Cleaning up temp folders from previous zip deployments and extracting pushed zip file /tmp/zipdeploy/fb1fc34c-4959-4551-b640-a9cc18d97626.zip (3.60 MB) to /tmp/zipdeploy/extracted" date="2025-07-18T21:31:21.712" >
      <step title="ChmodRecursive Process exited with total time taken in ms: 46" date="2025-07-18T21:31:22.656" /><!-- duration: 2ms -->
    </step><!-- duration: 949ms -->
    <step title="Deployment timer started" date="2025-07-18T21:31:24.679" >
      <step title="DeploymentManager.Deploy(id:a9326c51-c9a0-4abb-866f-f41df4df5424)" date="2025-07-18T21:31:24.690" >
        <step title="Collecting changeset information" date="2025-07-18T21:31:24.703" /><!-- duration: 132ms -->
        <step title="Updating submodules" date="2025-07-18T21:31:24.838" /><!-- duration: 1146ms -->
        <step title="Determining deployment builder" date="2025-07-18T21:31:26.215" >
          <step title="Builder is BasicBuilder" date="2025-07-18T21:31:26.233" /><!-- duration: 2ms -->
        </step><!-- duration: 24ms -->
        <step title="PreDeployment: context.CleanOutputPath False" date="2025-07-18T21:31:26.277" >
          <step title="PreDeployment: context.OutputPath /home/site/wwwroot" date="2025-07-18T21:31:26.382" >
            <step title="Building" date="2025-07-18T21:31:26.524" >
              <step title="Executing external process" date="2025-07-18T21:31:26.855" type="process" path="starter.sh" arguments="/opt/Kudu/Scripts/parallel_rsync.sh /tmp/zipdeploy/extracted /home/site/wwwroot 8 /tmp/ False True  " /><!-- duration: 3897ms -->
              <step title="Triggering recycle (preview mode disabled)." date="2025-07-18T21:31:31.346" /><!-- duration: 2ms -->
              <step title="Modified file to trigger a restart of the app container." date="2025-07-18T21:31:31.446" /><!-- duration: 31ms -->
              <step title="Skip function trigger and logicapp sync because function is not enabled." date="2025-07-18T21:31:31.498" /><!-- duration: 12ms -->
            </step><!-- duration: 6614ms -->
          </step><!-- duration: 6785ms -->
          <step title="Cleaning up temp files" date="2025-07-18T21:31:33.169" /><!-- duration: 17ms -->
          <step title="Cleaning up temp files" date="2025-07-18T21:31:33.208" /><!-- duration: 521ms -->
          <step title="Reloading status file with latest updates" date="2025-07-18T21:31:33.802" >
            <step title="WebHooksManager.PublishEventAsync: PostDeployment" date="2025-07-18T21:31:33.820" /><!-- duration: 120ms -->
          </step><!-- duration: 140ms -->
          <step title="Cleaning up temporary deployment - fetch deployment was successful" date="2025-07-18T21:31:33.980" /><!-- duration: 2ms -->
        </step><!-- duration: 7867ms -->
      </step><!-- duration: 9674ms -->
