<step title="BackgroundTrace" date="2025-07-20T05:50:11.506" instance="b2a08e" url="/api/zipdeploy" method="POST" >
  <step title="Creating temporary deployment - FetchDeploymentManager" date="2025-07-20T05:50:11.676" /><!-- duration: 2ms -->
  <step title="Creating temporary deployment" date="2025-07-20T05:50:11.692" /><!-- duration: 142ms -->
  <step title="Performing fetch based deployment" date="2025-07-20T05:50:11.964" >
    <step title="Cleaning up temp folders from previous zip deployments and extracting pushed zip file /tmp/zipdeploy/4454ba12-d8ba-48f4-b703-4688bf347430.zip (15.37 MB) to /tmp/zipdeploy/extracted" date="2025-07-20T05:50:13.257" >
      <step title="ChmodRecursive Process exited with total time taken in ms: 115" date="2025-07-20T05:50:15.638" /><!-- duration: 6ms -->
    </step><!-- duration: 2423ms -->
    <step title="Deployment timer started" date="2025-07-20T05:50:17.712" >
      <step title="DeploymentManager.Deploy(id:e8dc09f5-973e-4a0c-8e62-c9e75ba869b0)" date="2025-07-20T05:50:17.729" >
        <step title="Collecting changeset information" date="2025-07-20T05:50:17.772" /><!-- duration: 929ms -->
        <step title="Updating submodules" date="2025-07-20T05:50:18.712" /><!-- duration: 1145ms -->
        <step title="Determining deployment builder" date="2025-07-20T05:50:20.087" >
          <step title="Builder is BasicBuilder" date="2025-07-20T05:50:20.135" /><!-- duration: 2ms -->
        </step><!-- duration: 61ms -->
        <step title="PreDeployment: context.CleanOutputPath False" date="2025-07-20T05:50:20.228" >
          <step title="PreDeployment: context.OutputPath /home/site/wwwroot" date="2025-07-20T05:50:20.384" >
            <step title="Building" date="2025-07-20T05:50:20.512" >
              <step title="Executing external process" date="2025-07-20T05:50:21.044" type="process" path="starter.sh" arguments="/opt/Kudu/Scripts/parallel_rsync.sh /tmp/zipdeploy/extracted /home/site/wwwroot 8 /tmp/ False True  " /><!-- duration: 10624ms -->
              <step title="Triggering recycle (preview mode disabled)." date="2025-07-20T05:50:31.982" /><!-- duration: 2ms -->
              <step title="Modified file to trigger a restart of the app container." date="2025-07-20T05:50:32.043" /><!-- duration: 3ms -->
              <step title="Skip function trigger and logicapp sync because function is not enabled." date="2025-07-20T05:50:32.053" /><!-- duration: 10ms -->
              <step title="Purge deployment items" date="2025-07-20T05:50:33.355" >
                <step title="Remove 7cebf059-, Success, received at 07/18/2025 20:47:25" date="2025-07-20T05:50:33.436" /><!-- duration: 2ms -->
              </step><!-- duration: 93ms -->
            </step><!-- duration: 13030ms -->
          </step><!-- duration: 13172ms -->
          <step title="Cleaning up temp files" date="2025-07-20T05:50:33.557" /><!-- duration: 2ms -->
          <step title="Cleaning up temp files" date="2025-07-20T05:50:33.584" /><!-- duration: 506ms -->
          <step title="Reloading status file with latest updates" date="2025-07-20T05:50:34.122" >
            <step title="WebHooksManager.PublishEventAsync: PostDeployment" date="2025-07-20T05:50:34.123" /><!-- duration: 93ms -->
          </step><!-- duration: 97ms -->
          <step title="Cleaning up temporary deployment - fetch deployment was successful" date="2025-07-20T05:50:34.222" /><!-- duration: 1ms -->
        </step><!-- duration: 14083ms -->
      </step><!-- duration: 16622ms -->
