<step title="BackgroundTrace" date="2025-07-18T20:47:21.420" instance="b2a08e" url="/api/zipdeploy" method="POST" >
  <step title="Creating temporary deployment - FetchDeploymentManager" date="2025-07-18T20:47:21.481" /><!-- duration: 2ms -->
  <step title="Creating temporary deployment" date="2025-07-18T20:47:21.493" /><!-- duration: 75ms -->
  <step title="Performing fetch based deployment" date="2025-07-18T20:47:21.594" >
    <step title="Cleaning up temp folders from previous zip deployments and extracting pushed zip file /tmp/zipdeploy/9b25ec2a-3c7b-4634-8d77-e4b7f2a02236.zip (5.28 MB) to /tmp/zipdeploy/extracted" date="2025-07-18T20:47:22.891" >
      <step title="ChmodRecursive Process exited with total time taken in ms: 129" date="2025-07-18T20:47:23.697" /><!-- duration: 2ms -->
    </step><!-- duration: 809ms -->
    <step title="Deployment timer started" date="2025-07-18T20:47:25.720" >
      <step title="DeploymentManager.Deploy(id:7cebf059-0667-4768-8c11-8cf383204ec7)" date="2025-07-18T20:47:25.730" >
        <step title="Collecting changeset information" date="2025-07-18T20:47:25.743" /><!-- duration: 127ms -->
        <step title="Updating submodules" date="2025-07-18T20:47:25.885" /><!-- duration: 1173ms -->
        <step title="Determining deployment builder" date="2025-07-18T20:47:27.326" >
          <step title="Builder is BasicBuilder" date="2025-07-18T20:47:27.365" /><!-- duration: 9ms -->
        </step><!-- duration: 51ms -->
        <step title="PreDeployment: context.CleanOutputPath False" date="2025-07-18T20:47:27.426" >
          <step title="PreDeployment: context.OutputPath /home/site/wwwroot" date="2025-07-18T20:47:27.587" >
            <step title="Building" date="2025-07-18T20:47:27.830" >
              <step title="Executing external process" date="2025-07-18T20:47:28.478" type="process" path="starter.sh" arguments="/opt/Kudu/Scripts/parallel_rsync.sh /tmp/zipdeploy/extracted /home/site/wwwroot 8 /tmp/ False True  " /><!-- duration: 6742ms -->
              <step title="Triggering recycle (preview mode disabled)." date="2025-07-18T20:47:35.512" /><!-- duration: 2ms -->
              <step title="Modified file to trigger a restart of the app container." date="2025-07-18T20:47:35.559" /><!-- duration: 2ms -->
              <step title="Skip function trigger and logicapp sync because function is not enabled." date="2025-07-18T20:47:35.563" /><!-- duration: 2ms -->
            </step><!-- duration: 8545ms -->
          </step><!-- duration: 8794ms -->
          <step title="Cleaning up temp files" date="2025-07-18T20:47:36.384" /><!-- duration: 13ms -->
          <step title="Cleaning up temp files" date="2025-07-18T20:47:36.399" /><!-- duration: 518ms -->
          <step title="Reloading status file with latest updates" date="2025-07-18T20:47:36.974" >
            <step title="WebHooksManager.PublishEventAsync: PostDeployment" date="2025-07-18T20:47:37.004" /><!-- duration: 24ms -->
          </step><!-- duration: 70ms -->
          <step title="Cleaning up temporary deployment - fetch deployment was successful" date="2025-07-18T20:47:37.054" /><!-- duration: 1ms -->
        </step><!-- duration: 9750ms -->
      </step><!-- duration: 11494ms -->
