<step title="Incoming Request" date="2025-07-19T02:55:28.600" instance="b2a08e" url="/api/publish?type=zip" method="POST" type="request" pid="827,1,31" Accept="*/*" Host="mos-retail-rag-app.scm.azurewebsites.net" User-Agent="AZURECLI/2.69.0 (MSI)" Accept-Encoding="gzip, deflate" Authorization="Bea..." Cache-Control="no-cache" Content-Type="application/octet-stream" Content-Length="10839418" x-ms-client-request-id="d057159c-644b-11f0-9f64-c8154ea19f3b" x-ms-artifact-checksum="84565a5a2f8f7ec49e2292f55b06301cca06acd9d3ac7dbc0b578d56ac7ab77a" X-ARR-LOG-ID="d057159c-644b-11f0-9f64-c8154ea19f3b" CLIENT-IP="50.35.38.30:52057" X-SITE-DEPLOYMENT-ID="mos-retail-rag-app" WAS-DEFAULT-HOSTNAME="mos-retail-rag-app.scm.azurewebsites.net" X-Forwarded-Proto="https" X-AppService-Proto="https" X-Forwarded-TlsVersion="1.3" X-WAWS-Unencoded-URL="/api/publish?type=zip" X-Client-IP="50.35.38.30" X-Client-Port="52057" >
  <step title="Cleanup Xml Logs" date="2025-07-19T02:55:28.625" /><!-- duration: 8ms -->
  <step title="OneDeploy" date="2025-07-19T02:55:29.302" >
    <step title="Starting PushDeployAsync" date="2025-07-19T02:55:29.349" /><!-- duration: 1ms -->
    <step title="Writing artifact to /tmp/zipdeploy/55563fd1-1129-4710-b5a4-488fe9b29b2a.zip" date="2025-07-19T02:55:29.363" >
      <step title="Writing multipart request body to /tmp/zipdeploy/55563fd1-1129-4710-b5a4-488fe9b29b2a.zip" date="2025-07-19T02:55:29.388" /><!-- duration: 6ms -->
    </step><!-- duration: 348ms -->
    <step title="Attempting to fetch target branch HEAD" date="2025-07-19T02:55:29.723" /><!-- duration: 1ms -->
    <step title="Acquiring Deployment Lock" date="2025-07-19T02:55:29.734" /><!-- duration: 1ms -->
    <step title="Acquired Deployment Lock" date="2025-07-19T02:55:29.865" /><!-- duration: 2ms -->
    <step title="Performing fetch based deployment" date="2025-07-19T02:55:29.876" >
      <step title="Creating temporary deployment" date="2025-07-19T02:55:29.886" /><!-- duration: 262ms -->
      <step title="Releasing Deployment Lock" date="2025-07-19T02:55:31.343" /><!-- duration: 5ms -->
      <step title="Cleaning up temp folders from previous zip deployments and extracting pushed zip file /tmp/zipdeploy/55563fd1-1129-4710-b5a4-488fe9b29b2a.zip (10.34 MB) to /tmp/zipdeploy/extracted" date="2025-07-19T02:55:31.374" >
        <step title="ChmodRecursive Process exited with total time taken in ms: 565" date="2025-07-19T02:55:33.364" /><!-- duration: 20ms -->
      </step><!-- duration: 2020ms -->
      <step title="None repository commit" date="2025-07-19T02:55:33.486" >
        <step title="Commit id: 84619870-21c4-4aa4-ab48-6f440afc4082" date="2025-07-19T02:55:33.517" Message="OneDeploy" AuthorName="N/A" AuthorEmail="N/A" /><!-- duration: 10ms -->
      </step><!-- duration: 49ms -->
      <step title="Deployment timer started" date="2025-07-19T02:55:35.548" >
        <step title="DeploymentManager.Deploy(id:84619870-21c4-4aa4-ab48-6f440afc4082)" date="2025-07-19T02:55:35.554" >
          <step title="Collecting changeset information" date="2025-07-19T02:55:35.574" /><!-- duration: 93ms -->
          <step title="Updating submodules" date="2025-07-19T02:55:35.671" /><!-- duration: 1152ms -->
          <step title="Determining deployment builder" date="2025-07-19T02:55:37.047" >
            <step title="Builder is OneDeployBuilder" date="2025-07-19T02:55:37.097" /><!-- duration: 1ms -->
          </step><!-- duration: 60ms -->
          <step title="PreDeployment: context.CleanOutputPath False" date="2025-07-19T02:55:37.161" >
            <step title="PreDeployment: context.OutputPath /home/site/wwwroot" date="2025-07-19T02:55:37.297" >
              <step title="Building" date="2025-07-19T02:55:37.421" >
                <step title="Executing external process" date="2025-07-19T02:55:37.900" type="process" path="starter.sh" arguments="/opt/Kudu/Scripts/parallel_rsync.sh /tmp/zipdeploy/extracted /home/site/wwwroot 8 /tmp/ False False  " /><!-- duration: 7826ms -->
                <step title="Modified file to trigger a restart of the app container." date="2025-07-19T02:55:46.668" /><!-- duration: 6ms -->
                <step title="Skip function trigger and logicapp sync because function is not enabled." date="2025-07-19T02:55:46.705" /><!-- duration: 9ms -->
                <step title="Purge deployment items" date="2025-07-19T02:55:48.352" >
                  <step title="Remove 80dabead-, Success, received at 07/18/2025 19:15:49" date="2025-07-19T02:55:48.396" /><!-- duration: 5ms -->
                </step><!-- duration: 50ms -->
              </step><!-- duration: 11064ms -->
            </step><!-- duration: 11214ms -->
            <step title="Cleaning up temp files" date="2025-07-19T02:55:48.513" /><!-- duration: 7ms -->
            <step title="Cleaning up temp files" date="2025-07-19T02:55:48.523" /><!-- duration: 508ms -->
            <step title="Reloading status file with latest updates" date="2025-07-19T02:55:49.101" >
              <step title="WebHooksManager.PublishEventAsync: PostDeployment" date="2025-07-19T02:55:49.109" /><!-- duration: 50ms -->
            </step><!-- duration: 60ms -->
            <step title="Cleaning up temporary deployment - fetch deployment was successful" date="2025-07-19T02:55:49.169" /><!-- duration: 3ms -->
          </step><!-- duration: 12131ms -->
        </step><!-- duration: 13742ms -->
        <step title="Outgoing response" date="2025-07-19T02:55:49.308" type="response" statusCode="200" statusText="OK" /><!-- duration: 6ms -->
      </step><!-- duration: 13768ms -->
