<step title="Incoming Request" date="2025-07-18T04:15:28.006" instance="b2a08e" url="/api/publish?type=zip" method="POST" type="request" pid="823,1,18" Accept="*/*" Host="mos-retail-rag-app.scm.azurewebsites.net" User-Agent="AZURECLI/2.69.0 (MSI)" Accept-Encoding="gzip, deflate" Authorization="Bea..." Cache-Control="no-cache" Content-Type="application/octet-stream" Content-Length="5513993" x-ms-client-request-id="c958f0e0-638d-11f0-91a8-c8154ea19f3b" x-ms-artifact-checksum="3c9e694426812bc421cc14bf336db9108b3d42982e6944a06a4aa5243da36893" X-ARR-LOG-ID="c958f0e0-638d-11f0-91a8-c8154ea19f3b" CLIENT-IP="50.35.38.30:64555" X-SITE-DEPLOYMENT-ID="mos-retail-rag-app" WAS-DEFAULT-HOSTNAME="mos-retail-rag-app.scm.azurewebsites.net" X-Forwarded-Proto="https" X-AppService-Proto="https" X-Forwarded-TlsVersion="1.3" X-WAWS-Unencoded-URL="/api/publish?type=zip" X-Client-IP="50.35.38.30" X-Client-Port="64555" >
  <step title="OneDeploy" date="2025-07-18T04:15:28.751" >
    <step title="None repository commit" date="2025-07-18T04:15:28.770" >
      <step title="Commit id: 5b4718d3-cf19-446c-8f29-e75416b2cead" date="2025-07-18T04:15:28.772" Message="N/A" AuthorName="N/A" AuthorEmail="N/A" /><!-- duration: 3ms -->
    </step><!-- duration: 10ms -->
    <step title="Starting PushDeployAsync" date="2025-07-18T04:15:28.781" /><!-- duration: 4ms -->
    <step title="Writing artifact to /tmp/zipdeploy/1ba93289-d1c5-4b79-a4ac-9f8ef7a422d8.zip" date="2025-07-18T04:15:28.811" >
      <step title="Writing multipart request body to /tmp/zipdeploy/1ba93289-d1c5-4b79-a4ac-9f8ef7a422d8.zip" date="2025-07-18T04:15:28.821" /><!-- duration: 2ms -->
    </step><!-- duration: 333ms -->
    <step title="Attempting to fetch target branch HEAD" date="2025-07-18T04:15:29.157" /><!-- duration: 1ms -->
    <step title="Acquiring Deployment Lock" date="2025-07-18T04:15:29.164" /><!-- duration: 10ms -->
    <step title="Acquired Deployment Lock" date="2025-07-18T04:15:29.218" /><!-- duration: 1ms -->
    <step title="Performing fetch based deployment" date="2025-07-18T04:15:29.224" >
      <step title="Creating temporary deployment" date="2025-07-18T04:15:29.234" /><!-- duration: 97ms -->
      <step title="Releasing Deployment Lock" date="2025-07-18T04:15:30.624" /><!-- duration: 5ms -->
      <step title="Cleaning up temp folders from previous zip deployments and extracting pushed zip file /tmp/zipdeploy/1ba93289-d1c5-4b79-a4ac-9f8ef7a422d8.zip (5.26 MB) to /tmp/zipdeploy/extracted" date="2025-07-18T04:15:30.655" >
        <step title="ChmodRecursive Process exited with total time taken in ms: 414" date="2025-07-18T04:15:31.685" /><!-- duration: 3ms -->
      </step><!-- duration: 1035ms -->
      <step title="None repository commit" date="2025-07-18T04:15:31.695" >
        <step title="Commit id: 5b4718d3-cf19-446c-8f29-e75416b2cead" date="2025-07-18T04:15:31.696" Message="OneDeploy" AuthorName="N/A" AuthorEmail="N/A" /><!-- duration: 8ms -->
      </step><!-- duration: 10ms -->
      <step title="Deployment timer started" date="2025-07-18T04:15:33.718" >
        <step title="DeploymentManager.Deploy(id:5b4718d3-cf19-446c-8f29-e75416b2cead)" date="2025-07-18T04:15:33.726" >
          <step title="Collecting changeset information" date="2025-07-18T04:15:33.751" /><!-- duration: 236ms -->
          <step title="Updating submodules" date="2025-07-18T04:15:33.989" /><!-- duration: 1205ms -->
          <step title="Determining deployment builder" date="2025-07-18T04:15:35.631" >
            <step title="Builder is OneDeployBuilder" date="2025-07-18T04:15:35.640" /><!-- duration: 6ms -->
          </step><!-- duration: 23ms -->
          <step title="PreDeployment: context.CleanOutputPath False" date="2025-07-18T04:15:35.696" >
            <step title="PreDeployment: context.OutputPath /home/site/wwwroot" date="2025-07-18T04:15:35.882" >
              <step title="Building" date="2025-07-18T04:15:36.181" >
                <step title="Executing external process" date="2025-07-18T04:15:37.132" type="process" path="starter.sh" arguments="/opt/Kudu/Scripts/parallel_rsync.sh /tmp/zipdeploy/extracted /home/site/wwwroot 8 /tmp/ False False  " /><!-- duration: 7056ms -->
                <step title="Modified file to trigger a restart of the app container." date="2025-07-18T04:15:44.824" /><!-- duration: 25ms -->
                <step title="Skip function trigger and logicapp sync because function is not enabled." date="2025-07-18T04:15:44.860" /><!-- duration: 2ms -->
              </step><!-- duration: 9716ms -->
            </step><!-- duration: 10024ms -->
            <step title="Cleaning up temp files" date="2025-07-18T04:15:45.910" /><!-- duration: 6ms -->
            <step title="Cleaning up temp files" date="2025-07-18T04:15:45.935" /><!-- duration: 512ms -->
            <step title="Reloading status file with latest updates" date="2025-07-18T04:15:46.494" >
              <step title="WebHooksManager.PublishEventAsync: PostDeployment" date="2025-07-18T04:15:46.502" /><!-- duration: 93ms -->
            </step><!-- duration: 104ms -->
            <step title="Cleaning up temporary deployment - fetch deployment was successful" date="2025-07-18T04:15:46.602" /><!-- duration: 19ms -->
          </step><!-- duration: 11017ms -->
        </step><!-- duration: 12991ms -->
        <step title="Outgoing response" date="2025-07-18T04:15:46.734" type="response" statusCode="200" statusText="OK" /><!-- duration: 1ms -->
      </step><!-- duration: 13019ms -->
