<step title="Incoming Request" date="2025-07-19T03:52:27.354" instance="b2a08e" url="/api/publish?type=zip" method="POST" type="request" pid="827,1,71" Accept="*/*" Host="mos-retail-rag-app.scm.azurewebsites.net" User-Agent="AZURECLI/2.69.0 (MSI)" Accept-Encoding="gzip, deflate" Authorization="Bea..." Cache-Control="no-cache" Content-Type="application/octet-stream" Content-Length="12597537" x-ms-client-request-id="c7e12f23-6453-11f0-83b8-c8154ea19f3b" x-ms-artifact-checksum="d6612691a0b6f69c51bac86e6168005dbd71e43f0f41176b7bdbd5a1665a2e08" X-ARR-LOG-ID="c7e12f23-6453-11f0-83b8-c8154ea19f3b" CLIENT-IP="50.35.38.30:53834" X-SITE-DEPLOYMENT-ID="mos-retail-rag-app" WAS-DEFAULT-HOSTNAME="mos-retail-rag-app.scm.azurewebsites.net" X-Forwarded-Proto="https" X-AppService-Proto="https" X-Forwarded-TlsVersion="1.3" X-WAWS-Unencoded-URL="/api/publish?type=zip" X-Client-IP="50.35.38.30" X-Client-Port="53834" >
  <step title="Cleanup Xml Logs" date="2025-07-19T03:52:27.387" /><!-- duration: 29ms -->
  <step title="OneDeploy" date="2025-07-19T03:52:27.513" >
    <step title="Starting PushDeployAsync" date="2025-07-19T03:52:27.523" /><!-- duration: 1ms -->
    <step title="Writing artifact to /tmp/zipdeploy/7b36b37e-04d0-4ed0-ab27-5f9603449d1e.zip" date="2025-07-19T03:52:27.541" >
      <step title="Writing multipart request body to /tmp/zipdeploy/7b36b37e-04d0-4ed0-ab27-5f9603449d1e.zip" date="2025-07-19T03:52:27.551" /><!-- duration: 4ms -->
    </step><!-- duration: 443ms -->
    <step title="Attempting to fetch target branch HEAD" date="2025-07-19T03:52:28.002" /><!-- duration: 4ms -->
    <step title="Acquiring Deployment Lock" date="2025-07-19T03:52:28.025" /><!-- duration: 6ms -->
    <step title="Acquired Deployment Lock" date="2025-07-19T03:52:28.074" /><!-- duration: 1ms -->
    <step title="Performing fetch based deployment" date="2025-07-19T03:52:28.082" >
      <step title="Creating temporary deployment" date="2025-07-19T03:52:28.087" /><!-- duration: 117ms -->
      <step title="Releasing Deployment Lock" date="2025-07-19T03:52:29.358" /><!-- duration: 9ms -->
      <step title="Cleaning up temp folders from previous zip deployments and extracting pushed zip file /tmp/zipdeploy/7b36b37e-04d0-4ed0-ab27-5f9603449d1e.zip (12.01 MB) to /tmp/zipdeploy/extracted" date="2025-07-19T03:52:29.392" >
        <step title="ChmodRecursive Process exited with total time taken in ms: 736" date="2025-07-19T03:52:31.907" /><!-- duration: 11ms -->
      </step><!-- duration: 2534ms -->
      <step title="None repository commit" date="2025-07-19T03:52:31.927" >
        <step title="Commit id: 8b805729-1553-40a4-ada7-7a3b9680e39e" date="2025-07-19T03:52:31.996" Message="OneDeploy" AuthorName="N/A" AuthorEmail="N/A" /><!-- duration: 7ms -->
      </step><!-- duration: 77ms -->
      <step title="Deployment timer started" date="2025-07-19T03:52:34.009" >
        <step title="DeploymentManager.Deploy(id:8b805729-1553-40a4-ada7-7a3b9680e39e)" date="2025-07-19T03:52:34.013" >
          <step title="Collecting changeset information" date="2025-07-19T03:52:34.049" /><!-- duration: 159ms -->
          <step title="Updating submodules" date="2025-07-19T03:52:34.211" /><!-- duration: 1192ms -->
          <step title="Determining deployment builder" date="2025-07-19T03:52:35.796" >
            <step title="Builder is OneDeployBuilder" date="2025-07-19T03:52:35.826" /><!-- duration: 7ms -->
          </step><!-- duration: 40ms -->
          <step title="PreDeployment: context.CleanOutputPath False" date="2025-07-19T03:52:35.914" >
            <step title="PreDeployment: context.OutputPath /home/site/wwwroot" date="2025-07-19T03:52:36.113" >
              <step title="Building" date="2025-07-19T03:52:36.452" >
                <step title="Executing external process" date="2025-07-19T03:52:37.311" type="process" path="starter.sh" arguments="/opt/Kudu/Scripts/parallel_rsync.sh /tmp/zipdeploy/extracted /home/site/wwwroot 8 /tmp/ False False  " /><!-- duration: 7781ms -->
                <step title="Modified file to trigger a restart of the app container." date="2025-07-19T03:52:45.760" /><!-- duration: 3ms -->
                <step title="Skip function trigger and logicapp sync because function is not enabled." date="2025-07-19T03:52:45.771" /><!-- duration: 2ms -->
                <step title="Purge deployment items" date="2025-07-19T03:52:47.152" >
                  <step title="Remove fcb80c04-, Success, received at 07/18/2025 20:31:40" date="2025-07-19T03:52:47.230" /><!-- duration: 3ms -->
                </step><!-- duration: 83ms -->
              </step><!-- duration: 10886ms -->
            </step><!-- duration: 11238ms -->
            <step title="Cleaning up temp files" date="2025-07-19T03:52:47.355" /><!-- duration: 16ms -->
            <step title="Cleaning up temp files" date="2025-07-19T03:52:47.372" /><!-- duration: 505ms -->
            <step title="Reloading status file with latest updates" date="2025-07-19T03:52:47.911" >
              <step title="WebHooksManager.PublishEventAsync: PostDeployment" date="2025-07-19T03:52:47.920" /><!-- duration: 53ms -->
            </step><!-- duration: 64ms -->
            <step title="Cleaning up temporary deployment - fetch deployment was successful" date="2025-07-19T03:52:47.978" /><!-- duration: 1ms -->
          </step><!-- duration: 12228ms -->
        </step><!-- duration: 14132ms -->
        <step title="Outgoing response" date="2025-07-19T03:52:48.151" type="response" statusCode="200" statusText="OK" /><!-- duration: 2ms -->
      </step><!-- duration: 14159ms -->
