<step title="BackgroundTrace" date="2025-07-18T19:09:13.942" instance="b2a08e" url="/api/zipdeploy" method="POST" >
  <step title="Creating temporary deployment - FetchDeploymentManager" date="2025-07-18T19:09:14.093" /><!-- duration: 2ms -->
  <step title="Creating temporary deployment" date="2025-07-18T19:09:14.112" /><!-- duration: 199ms -->
  <step title="Performing fetch based deployment" date="2025-07-18T19:09:14.378" >
    <step title="Cleaning up temp folders from previous zip deployments and extracting pushed zip file /tmp/zipdeploy/df317d14-b5e5-4cbc-bc65-7daec653dcda.zip (6.95 MB) to /tmp/zipdeploy/extracted" date="2025-07-18T19:09:15.659" >
      <step title="ChmodRecursive Process exited with total time taken in ms: 117" date="2025-07-18T19:09:16.910" /><!-- duration: 3ms -->
    </step><!-- duration: 1261ms -->
    <step title="Deployment timer started" date="2025-07-18T19:09:18.946" >
      <step title="DeploymentManager.Deploy(id:5f9ace41-4aec-4d4c-a350-a2b54dc277c7)" date="2025-07-18T19:09:18.955" >
        <step title="Collecting changeset information" date="2025-07-18T19:09:18.994" /><!-- duration: 240ms -->
        <step title="Updating submodules" date="2025-07-18T19:09:19.236" /><!-- duration: 1186ms -->
        <step title="Determining deployment builder" date="2025-07-18T19:09:20.682" >
          <step title="Builder is BasicBuilder" date="2025-07-18T19:09:20.707" /><!-- duration: 2ms -->
        </step><!-- duration: 27ms -->
        <step title="PreDeployment: context.CleanOutputPath False" date="2025-07-18T19:09:20.763" >
          <step title="PreDeployment: context.OutputPath /home/site/wwwroot" date="2025-07-18T19:09:20.940" >
            <step title="Building" date="2025-07-18T19:09:21.132" >
              <step title="Executing external process" date="2025-07-18T19:09:21.441" type="process" path="starter.sh" arguments="/opt/Kudu/Scripts/parallel_rsync.sh /tmp/zipdeploy/extracted /home/site/wwwroot 8 /tmp/ False True  " /><!-- duration: 7797ms -->
              <step title="Triggering recycle (preview mode disabled)." date="2025-07-18T19:09:30.067" /><!-- duration: 2ms -->
              <step title="Modified file to trigger a restart of the app container." date="2025-07-18T19:09:30.174" /><!-- duration: 6ms -->
              <step title="Skip function trigger and logicapp sync because function is not enabled." date="2025-07-18T19:09:30.190" /><!-- duration: 20ms -->
            </step><!-- duration: 10201ms -->
          </step><!-- duration: 10399ms -->
          <step title="Cleaning up temp files" date="2025-07-18T19:09:31.341" /><!-- duration: 6ms -->
          <step title="Cleaning up temp files" date="2025-07-18T19:09:31.357" /><!-- duration: 528ms -->
          <step title="Reloading status file with latest updates" date="2025-07-18T19:09:31.938" >
            <step title="WebHooksManager.PublishEventAsync: PostDeployment" date="2025-07-18T19:09:31.995" /><!-- duration: 117ms -->
          </step><!-- duration: 177ms -->
          <step title="Cleaning up temporary deployment - fetch deployment was successful" date="2025-07-18T19:09:32.118" /><!-- duration: 2ms -->
        </step><!-- duration: 11513ms -->
      </step><!-- duration: 13331ms -->
