<step title="Incoming Request" date="2025-07-20T07:11:49.789" instance="b2a08e" url="/api/publish?type=zip" method="POST" type="request" pid="827,1,92" Accept="*/*" Host="mos-retail-rag-app.scm.azurewebsites.net" User-Agent="AZURECLI/2.69.0 (MSI)" Accept-Encoding="gzip, deflate" Authorization="Bea..." Cache-Control="no-cache" Content-Type="application/octet-stream" Content-Length="3804162" x-ms-client-request-id="cc60db51-6538-11f0-8aaf-c8154ea19f3b" x-ms-artifact-checksum="73907831518fc554d4ac82ba2f34ec6cb0a403b45400beac64e9a72e623f4f2a" X-ARR-LOG-ID="cc60db51-6538-11f0-8aaf-c8154ea19f3b" CLIENT-IP="50.35.38.30:58817" X-SITE-DEPLOYMENT-ID="mos-retail-rag-app" WAS-DEFAULT-HOSTNAME="mos-retail-rag-app.scm.azurewebsites.net" X-Forwarded-Proto="https" X-AppService-Proto="https" X-Forwarded-TlsVersion="1.3" X-WAWS-Unencoded-URL="/api/publish?type=zip" X-Client-IP="50.35.38.30" X-Client-Port="58817" >
  <step title="Cleanup Xml Logs" date="2025-07-20T07:11:49.791" /><!-- duration: 8ms -->
  <step title="OneDeploy" date="2025-07-20T07:11:49.813" >
    <step title="Starting PushDeployAsync" date="2025-07-20T07:11:49.853" /><!-- duration: 7ms -->
    <step title="Writing artifact to /tmp/zipdeploy/57e696ce-afca-4e8d-8263-177e429bb9d3.zip" date="2025-07-20T07:11:49.871" >
      <step title="Writing multipart request body to /tmp/zipdeploy/57e696ce-afca-4e8d-8263-177e429bb9d3.zip" date="2025-07-20T07:11:49.872" /><!-- duration: 8ms -->
    </step><!-- duration: 232ms -->
    <step title="Attempting to fetch target branch HEAD" date="2025-07-20T07:11:50.113" /><!-- duration: 3ms -->
    <step title="Acquiring Deployment Lock" date="2025-07-20T07:11:50.123" /><!-- duration: 2ms -->
    <step title="Acquired Deployment Lock" date="2025-07-20T07:11:50.155" /><!-- duration: 25ms -->
    <step title="Performing fetch based deployment" date="2025-07-20T07:11:50.186" >
      <step title="Creating temporary deployment" date="2025-07-20T07:11:50.190" /><!-- duration: 59ms -->
      <step title="Releasing Deployment Lock" date="2025-07-20T07:11:51.439" /><!-- duration: 6ms -->
      <step title="Cleaning up temp folders from previous zip deployments and extracting pushed zip file /tmp/zipdeploy/57e696ce-afca-4e8d-8263-177e429bb9d3.zip (3.63 MB) to /tmp/zipdeploy/extracted" date="2025-07-20T07:11:51.474" >
        <step title="ChmodRecursive Process exited with total time taken in ms: 312" date="2025-07-20T07:11:52.249" /><!-- duration: 2ms -->
      </step><!-- duration: 794ms -->
      <step title="None repository commit" date="2025-07-20T07:11:52.269" >
        <step title="Commit id: 58021741-035b-4b2c-a593-a363a036d3f7" date="2025-07-20T07:11:52.279" Message="OneDeploy" AuthorName="N/A" AuthorEmail="N/A" /><!-- duration: 1ms -->
      </step><!-- duration: 12ms -->
      <step title="Deployment timer started" date="2025-07-20T07:11:54.285" >
        <step title="DeploymentManager.Deploy(id:58021741-035b-4b2c-a593-a363a036d3f7)" date="2025-07-20T07:11:54.288" >
          <step title="Collecting changeset information" date="2025-07-20T07:11:54.309" /><!-- duration: 111ms -->
          <step title="Updating submodules" date="2025-07-20T07:11:54.424" /><!-- duration: 1102ms -->
          <step title="Determining deployment builder" date="2025-07-20T07:11:55.712" >
            <step title="Builder is OneDeployBuilder" date="2025-07-20T07:11:55.723" /><!-- duration: 2ms -->
          </step><!-- duration: 15ms -->
          <step title="PreDeployment: context.CleanOutputPath False" date="2025-07-20T07:11:55.760" >
            <step title="PreDeployment: context.OutputPath /home/site/wwwroot" date="2025-07-20T07:11:55.852" >
              <step title="Building" date="2025-07-20T07:11:55.965" >
                <step title="Executing external process" date="2025-07-20T07:11:56.442" type="process" path="starter.sh" arguments="/opt/Kudu/Scripts/parallel_rsync.sh /tmp/zipdeploy/extracted /home/site/wwwroot 8 /tmp/ False False  " >
                  <step title="Process dump" date="2025-07-20T07:12:02.228" exitCode="123" type="processOutput" /><!-- duration: 21ms -->
                </step><!-- duration: 5834ms -->
                <step title="Error occurred" date="2025-07-20T07:12:02.366" type="error" text="rsync: [receiver] open &quot;/home/site/wwwroot/wwwroot\debug.html&quot; failed: Invalid argument (22)
rsync: [receiver] open &quot;/home/site/wwwroot/runtimes\win\lib\netstandard2.0\System.Security.Cryptography.ProtectedData.dll&quot; failed: Invalid argument (22)
rsync: [receiver] open &quot;/home/site/wwwroot/wwwroot\css\site.css&quot; failed: Invalid argument (22)
rsync: [receiver] open &quot;/home/site/wwwroot/wwwroot\js\site.js&quot; failed: Invalid argument (22)
rsync error: some files/attrs were not transferred (see previous errors) (code 23) at main.c(1338) [sender=3.2.7]
rsync: [receiver] open &quot;/home/site/wwwroot/wwwroot\test-agentic-steps.html&quot; failed: Invalid argument (22)
rsync: [receiver] open &quot;/home/site/wwwroot/wwwroot\test-agentic.html&quot; failed: Invalid argument (22)
rsync error: some files/attrs were not transferred (see previous errors) (code 23) at main.c(1338) [sender=3.2.7]
rsync error: some files/attrs were not transferred (see previous errors) (code 23) at main.c(1338) [sender=3.2.7]
rsync error: some files/attrs were not transferred (see previous errors) (code 23) at main.c(1338) [sender=3.2.7]
rsync error: some files/attrs were not transferred (see previous errors) (code 23) at main.c(1338) [sender=3.2.7]
rsync: [receiver] open &quot;/home/site/wwwroot/wwwroot\debug.html&quot; failed: Invalid argument (22)
rsync: [receiver] open &quot;/home/site/wwwroot/runtimes\win\lib\netstandard2.0\System.Security.Cryptography.ProtectedData.dll&quot; failed: Invalid argument (22)
rsync: [receiver] open &quot;/home/site/wwwroot/wwwroot\css\site.css&quot; failed: Invalid argument (22)
rsync: [receiver] open &quot;/home/site/wwwroot/wwwroot\js\site.js&quot; failed: Invalid argument (22)
rsync error: some files/attrs were not transferred (see previous errors) (code 23) at main.c(1338) [sender=3.2.7]
rsync: [receiver] open &quot;/home/site/wwwroot/wwwroot\test-agentic-steps.html&quot; failed: Invalid argument (22)
rsync: [receiver] open &quot;/home/site/wwwroot/wwwroot\test-agentic.html&quot; failed: Invalid argument (22)
rsync error: some files/attrs were not transferred (see previous errors) (code 23) at main.c(1338) [sender=3.2.7]
rsync error: some files/attrs were not transferred (see previous errors) (code 23) at main.c(1338) [sender=3.2.7]
rsync error: some files/attrs were not transferred (see previous errors) (code 23) at main.c(1338) [sender=3.2.7]
rsync error: some files/attrs were not transferred (see previous errors) (code 23) at main.c(1338) [sender=3.2.7]
/opt/Kudu/Scripts/starter.sh /opt/Kudu/Scripts/parallel_rsync.sh /tmp/zipdeploy/extracted /home/site/wwwroot 8 /tmp/ False False  " stackTrace="   at Kudu.Core.Infrastructure.Executable.ExecuteInternal(ITracer tracer, Func`2 onWriteOutput, Func`2 onWriteError, CancellationToken token, Encoding encoding, String arguments, Object[] args) in /tmp/KuduLite/Kudu.Core/Infrastructure/Executable.cs:line 239
   at Kudu.Core.Infrastructure.Executable.ExecuteWithProgressWriter(ILogger logger, ITracer tracer, CancellationToken token, String arguments, Object[] args) in /tmp/KuduLite/Kudu.Core/Infrastructure/Executable.cs:line 118
   at Kudu.Core.Deployment.Generator.ExternalCommandBuilder.RunCommand(DeploymentContext context, String command, Boolean ignoreManifest, CancellationToken token, String message) in /tmp/KuduLite/Kudu.Core/Deployment/Generator/ExternalCommandBuilder.cs:line 122" /><!-- duration: 2ms -->
                <step title="Error occurred" date="2025-07-20T07:12:03.291" type="error" text="Invalid argument : &apos;/home/site/wwwroot/runtimes\win\&apos;" stackTrace="   at System.IO.FileSystem.CreateDirectory(String fullPath, UnixFileMode unixCreateMode)
   at System.IO.Directory.CreateDirectory(String path)
   at Kudu.Core.Infrastructure.FileSystemHelpers.CreateDirectory(String path) in /tmp/KuduLite/Kudu.Core/Infrastructure/FileSystemHelpers.cs:line 42
   at Kudu.Core.Infrastructure.FileSystemHelpers.CopyDirectoryRecursive(String sourceDirPath, String destinationDirPath, Boolean overwrite) in /tmp/KuduLite/Kudu.Core/Infrastructure/FileSystemHelpers.cs:line 219
   at Kudu.Core.Infrastructure.FileSystemHelpers.CopyDirectoryRecursive(String sourceDirPath, String destinationDirPath, Boolean overwrite) in /tmp/KuduLite/Kudu.Core/Infrastructure/FileSystemHelpers.cs:line 248
   at Kudu.Core.Deployment.Generator.OneDeployBuilder.Build(DeploymentContext context, CancellationToken token) in /tmp/KuduLite/Kudu.Core/Deployment/Generator/OneDeployBuilder.cs:line 108
   at Kudu.Core.Deployment.DeploymentManager.Build(ChangeSet changeSet, ITracer tracer, IDisposable deployStep, IRepository repository, DeploymentInfoBase deploymentInfo, DeploymentAnalytics deploymentAnalytics, Boolean fullBuildByDefault, CancellationToken cancellationToken) in /tmp/KuduLite/Kudu.Core/Deployment/DeploymentManager.cs:line 771" /><!-- duration: 10ms -->
                <step title="Purge deployment items" date="2025-07-20T07:12:04.409" >
                  <step title="Remove 0c342422-, Failed, received at 07/20/2025 06:57:54" date="2025-07-20T07:12:04.567" /><!-- duration: 2ms -->
                </step><!-- duration: 162ms -->
              </step><!-- duration: 8607ms -->
            </step><!-- duration: 8724ms -->
            <step title="Error occurred" date="2025-07-20T07:12:04.578" type="error" text="Invalid argument : &apos;/home/site/wwwroot/runtimes\win\&apos;" stackTrace="   at System.IO.FileSystem.CreateDirectory(String fullPath, UnixFileMode unixCreateMode)
   at System.IO.Directory.CreateDirectory(String path)
   at Kudu.Core.Infrastructure.FileSystemHelpers.CreateDirectory(String path) in /tmp/KuduLite/Kudu.Core/Infrastructure/FileSystemHelpers.cs:line 42
   at Kudu.Core.Infrastructure.FileSystemHelpers.CopyDirectoryRecursive(String sourceDirPath, String destinationDirPath, Boolean overwrite) in /tmp/KuduLite/Kudu.Core/Infrastructure/FileSystemHelpers.cs:line 219
   at Kudu.Core.Infrastructure.FileSystemHelpers.CopyDirectoryRecursive(String sourceDirPath, String destinationDirPath, Boolean overwrite) in /tmp/KuduLite/Kudu.Core/Infrastructure/FileSystemHelpers.cs:line 248
   at Kudu.Core.Deployment.Generator.OneDeployBuilder.Build(DeploymentContext context, CancellationToken token) in /tmp/KuduLite/Kudu.Core/Deployment/Generator/OneDeployBuilder.cs:line 108
   at Kudu.Core.Deployment.DeploymentManager.Build(ChangeSet changeSet, ITracer tracer, IDisposable deployStep, IRepository repository, DeploymentInfoBase deploymentInfo, DeploymentAnalytics deploymentAnalytics, Boolean fullBuildByDefault, CancellationToken cancellationToken) in /tmp/KuduLite/Kudu.Core/Deployment/DeploymentManager.cs:line 771
   at Kudu.Core.Deployment.DeploymentManager.Build(ChangeSet changeSet, ITracer tracer, IDisposable deployStep, IRepository repository, DeploymentInfoBase deploymentInfo, DeploymentAnalytics deploymentAnalytics, Boolean fullBuildByDefault, CancellationToken cancellationToken) in /tmp/KuduLite/Kudu.Core/Deployment/DeploymentManager.cs:line 840" /><!-- duration: 2ms -->
            <step title="Cleaning up temp files" date="2025-07-20T07:12:04.653" /><!-- duration: 6ms -->
            <step title="Cleaning up temp files" date="2025-07-20T07:12:04.660" /><!-- duration: 510ms -->
            <step title="Error occurred" date="2025-07-20T07:12:05.215" type="error" text="Invalid argument : &apos;/home/site/wwwroot/runtimes\win\&apos;" stackTrace="   at System.IO.FileSystem.CreateDirectory(String fullPath, UnixFileMode unixCreateMode)
   at System.IO.Directory.CreateDirectory(String path)
   at Kudu.Core.Infrastructure.FileSystemHelpers.CreateDirectory(String path) in /tmp/KuduLite/Kudu.Core/Infrastructure/FileSystemHelpers.cs:line 42
   at Kudu.Core.Infrastructure.FileSystemHelpers.CopyDirectoryRecursive(String sourceDirPath, String destinationDirPath, Boolean overwrite) in /tmp/KuduLite/Kudu.Core/Infrastructure/FileSystemHelpers.cs:line 219
   at Kudu.Core.Infrastructure.FileSystemHelpers.CopyDirectoryRecursive(String sourceDirPath, String destinationDirPath, Boolean overwrite) in /tmp/KuduLite/Kudu.Core/Infrastructure/FileSystemHelpers.cs:line 248
   at Kudu.Core.Deployment.Generator.OneDeployBuilder.Build(DeploymentContext context, CancellationToken token) in /tmp/KuduLite/Kudu.Core/Deployment/Generator/OneDeployBuilder.cs:line 108
   at Kudu.Core.Deployment.DeploymentManager.Build(ChangeSet changeSet, ITracer tracer, IDisposable deployStep, IRepository repository, DeploymentInfoBase deploymentInfo, DeploymentAnalytics deploymentAnalytics, Boolean fullBuildByDefault, CancellationToken cancellationToken) in /tmp/KuduLite/Kudu.Core/Deployment/DeploymentManager.cs:line 771
   at Kudu.Core.Deployment.DeploymentManager.Build(ChangeSet changeSet, ITracer tracer, IDisposable deployStep, IRepository repository, DeploymentInfoBase deploymentInfo, DeploymentAnalytics deploymentAnalytics, Boolean fullBuildByDefault, CancellationToken cancellationToken) in /tmp/KuduLite/Kudu.Core/Deployment/DeploymentManager.cs:line 840
   at Kudu.Core.Deployment.DeploymentManager.DeployAsync(IRepository repository, ChangeSet changeSet, String deployer, Boolean clean, DeploymentInfoBase deploymentInfo, Boolean needFileUpdate, Boolean fullBuildByDefault) in /tmp/KuduLite/Kudu.Core/Deployment/DeploymentManager.cs:line 266" /><!-- duration: 2ms -->
          </step><!-- duration: 9466ms -->
          <step title="Reloading status file with latest updates" date="2025-07-20T07:12:05.250" >
            <step title="WebHooksManager.PublishEventAsync: PostDeployment" date="2025-07-20T07:12:05.252" /><!-- duration: 34ms -->
          </step><!-- duration: 38ms -->
          <step title="Error occurred" date="2025-07-20T07:12:05.290" type="error" text="Invalid argument : &apos;/home/site/wwwroot/runtimes\win\&apos;" stackTrace="   at System.IO.FileSystem.CreateDirectory(String fullPath, UnixFileMode unixCreateMode)
   at System.IO.Directory.CreateDirectory(String path)
   at Kudu.Core.Infrastructure.FileSystemHelpers.CreateDirectory(String path) in /tmp/KuduLite/Kudu.Core/Infrastructure/FileSystemHelpers.cs:line 42
   at Kudu.Core.Infrastructure.FileSystemHelpers.CopyDirectoryRecursive(String sourceDirPath, String destinationDirPath, Boolean overwrite) in /tmp/KuduLite/Kudu.Core/Infrastructure/FileSystemHelpers.cs:line 219
   at Kudu.Core.Infrastructure.FileSystemHelpers.CopyDirectoryRecursive(String sourceDirPath, String destinationDirPath, Boolean overwrite) in /tmp/KuduLite/Kudu.Core/Infrastructure/FileSystemHelpers.cs:line 248
   at Kudu.Core.Deployment.Generator.OneDeployBuilder.Build(DeploymentContext context, CancellationToken token) in /tmp/KuduLite/Kudu.Core/Deployment/Generator/OneDeployBuilder.cs:line 108
   at Kudu.Core.Deployment.DeploymentManager.Build(ChangeSet changeSet, ITracer tracer, IDisposable deployStep, IRepository repository, DeploymentInfoBase deploymentInfo, DeploymentAnalytics deploymentAnalytics, Boolean fullBuildByDefault, CancellationToken cancellationToken) in /tmp/KuduLite/Kudu.Core/Deployment/DeploymentManager.cs:line 771
   at Kudu.Core.Deployment.DeploymentManager.Build(ChangeSet changeSet, ITracer tracer, IDisposable deployStep, IRepository repository, DeploymentInfoBase deploymentInfo, DeploymentAnalytics deploymentAnalytics, Boolean fullBuildByDefault, CancellationToken cancellationToken) in /tmp/KuduLite/Kudu.Core/Deployment/DeploymentManager.cs:line 840
   at Kudu.Core.Deployment.DeploymentManager.DeployAsync(IRepository repository, ChangeSet changeSet, String deployer, Boolean clean, DeploymentInfoBase deploymentInfo, Boolean needFileUpdate, Boolean fullBuildByDefault) in /tmp/KuduLite/Kudu.Core/Deployment/DeploymentManager.cs:line 266" /><!-- duration: 1ms -->
          <step title="Marking deployment as failed and cleaning up the temp deployment" date="2025-07-20T07:12:05.335" /><!-- duration: 22ms -->
        </step><!-- duration: 11172ms -->
      </step><!-- duration: 11179ms -->
      <step title="Error occurred" date="2025-07-20T07:12:05.484" type="error" text="Deployment failed" stackTrace="   at Kudu.Core.Deployment.DeploymentManager.DeployAsync(IRepository repository, ChangeSet changeSet, String deployer, Boolean clean, DeploymentInfoBase deploymentInfo, Boolean needFileUpdate, Boolean fullBuildByDefault) in /tmp/KuduLite/Kudu.Core/Deployment/DeploymentManager.cs:line 307
   at Kudu.Core.Deployment.FetchDeploymentManager.PerformDeployment(DeploymentInfoBase deploymentInfo, IDisposable tempDeployment, ChangeSet tempChangeSet, DeployStatusApiResult updateStatusObj) in /tmp/KuduLite/Kudu.Core/Deployment/FetchDeploymentManager.cs:line 230
   at Kudu.Core.Deployment.FetchDeploymentManager.&lt;&gt;c__DisplayClass17_0.&lt;&lt;FetchDeploy&gt;b__0&gt;d.MoveNext() in /tmp/KuduLite/Kudu.Core/Deployment/FetchDeploymentManager.cs:line 131
--- End of stack trace from previous location ---
   at Kudu.Core.Deployment.FetchDeploymentManager.FetchDeploy(DeploymentInfoBase deployInfo, Boolean asyncRequested, Uri requestUri, String targetBranch) in /tmp/KuduLite/Kudu.Core/Deployment/FetchDeploymentManager.cs:line 124
   at Kudu.Services.Deployment.PushDeploymentController.PushDeployAsync(ArtifactDeploymentInfo deploymentInfo, Boolean isAsync, HttpContext context, JObject requestJson) in /tmp/KuduLite/Kudu.Services/Deployment/PushDeploymentController.cs:line 791
   at Kudu.Services.Deployment.PushDeploymentController.OneDeploy(String type, Boolean async, String path, Nullable`1 restart, Nullable`1 clean, Boolean ignoreStack, Boolean trackDeploymentProgress, Boolean trackStatus, Boolean reset) in /tmp/KuduLite/Kudu.Services/Deployment/PushDeploymentController.cs:line 624
   at Microsoft.AspNetCore.Mvc.Infrastructure.ActionMethodExecutor.TaskOfIActionResultExecutor.Execute(ActionContext actionContext, IActionResultTypeMapper mapper, ObjectMethodExecutor executor, Object controller, Object[] arguments)
   at Microsoft.AspNetCore.Mvc.Infrastructure.ControllerActionInvoker.&lt;InvokeActionMethodAsync&gt;g__Awaited|12_0(ControllerActionInvoker invoker, ValueTask`1 actionResultValueTask)
   at Microsoft.AspNetCore.Mvc.Infrastructure.ControllerActionInvoker.&lt;InvokeNextActionFilterAsync&gt;g__Awaited|10_0(ControllerActionInvoker invoker, Task lastTask, State next, Scope scope, Object state, Boolean isCompleted)
   at Microsoft.AspNetCore.Mvc.Infrastructure.ControllerActionInvoker.Rethrow(ActionExecutedContextSealed context)
   at Microsoft.AspNetCore.Mvc.Infrastructure.ControllerActionInvoker.Next(State&amp; next, Scope&amp; scope, Object&amp; state, Boolean&amp; isCompleted)
   at Microsoft.AspNetCore.Mvc.Infrastructure.ControllerActionInvoker.&lt;InvokeInnerFilterAsync&gt;g__Awaited|13_0(ControllerActionInvoker invoker, Task lastTask, State next, Scope scope, Object state, Boolean isCompleted)
   at Microsoft.AspNetCore.Mvc.Infrastructure.ResourceInvoker.&lt;InvokeNextResourceFilter&gt;g__Awaited|25_0(ResourceInvoker invoker, Task lastTask, State next, Scope scope, Object state, Boolean isCompleted)
   at Microsoft.AspNetCore.Mvc.Infrastructure.ResourceInvoker.Rethrow(ResourceExecutedContextSealed context)
   at Microsoft.AspNetCore.Mvc.Infrastructure.ResourceInvoker.Next(State&amp; next, Scope&amp; scope, Object&amp; state, Boolean&amp; isCompleted)
   at Microsoft.AspNetCore.Mvc.Infrastructure.ResourceInvoker.&lt;InvokeFilterPipelineAsync&gt;g__Awaited|20_0(ResourceInvoker invoker, Task lastTask, State next, Scope scope, Object state, Boolean isCompleted)
   at Microsoft.AspNetCore.Mvc.Infrastructure.ResourceInvoker.&lt;InvokeAsync&gt;g__Awaited|17_0(ResourceInvoker invoker, Task task, IDisposable scope)
   at Microsoft.AspNetCore.Mvc.Infrastructure.ResourceInvoker.&lt;InvokeAsync&gt;g__Awaited|17_0(ResourceInvoker invoker, Task task, IDisposable scope)
   at Microsoft.AspNetCore.Builder.RouterMiddleware.Invoke(HttpContext httpContext)
   at Kudu.Services.Web.Tracing.TraceMiddleware.Invoke(HttpContext context) in /tmp/KuduLite/Kudu.Services.Web/Tracing/TraceMiddleware.cs:line 101" innerText="Invalid argument : &apos;/home/site/wwwroot/runtimes\win\&apos;" innerStackTrace="   at System.IO.FileSystem.CreateDirectory(String fullPath, UnixFileMode unixCreateMode)
   at System.IO.Directory.CreateDirectory(String path)
   at Kudu.Core.Infrastructure.FileSystemHelpers.CreateDirectory(String path) in /tmp/KuduLite/Kudu.Core/Infrastructure/FileSystemHelpers.cs:line 42
   at Kudu.Core.Infrastructure.FileSystemHelpers.CopyDirectoryRecursive(String sourceDirPath, String destinationDirPath, Boolean overwrite) in /tmp/KuduLite/Kudu.Core/Infrastructure/FileSystemHelpers.cs:line 219
   at Kudu.Core.Infrastructure.FileSystemHelpers.CopyDirectoryRecursive(String sourceDirPath, String destinationDirPath, Boolean overwrite) in /tmp/KuduLite/Kudu.Core/Infrastructure/FileSystemHelpers.cs:line 248
   at Kudu.Core.Deployment.Generator.OneDeployBuilder.Build(DeploymentContext context, CancellationToken token) in /tmp/KuduLite/Kudu.Core/Deployment/Generator/OneDeployBuilder.cs:line 108
   at Kudu.Core.Deployment.DeploymentManager.Build(ChangeSet changeSet, ITracer tracer, IDisposable deployStep, IRepository repository, DeploymentInfoBase deploymentInfo, DeploymentAnalytics deploymentAnalytics, Boolean fullBuildByDefault, CancellationToken cancellationToken) in /tmp/KuduLite/Kudu.Core/Deployment/DeploymentManager.cs:line 771
   at Kudu.Core.Deployment.DeploymentManager.Build(ChangeSet changeSet, ITracer tracer, IDisposable deployStep, IRepository repository, DeploymentInfoBase deploymentInfo, DeploymentAnalytics deploymentAnalytics, Boolean fullBuildByDefault, CancellationToken cancellationToken) in /tmp/KuduLite/Kudu.Core/Deployment/DeploymentManager.cs:line 840
   at Kudu.Core.Deployment.DeploymentManager.DeployAsync(IRepository repository, ChangeSet changeSet, String deployer, Boolean clean, DeploymentInfoBase deploymentInfo, Boolean needFileUpdate, Boolean fullBuildByDefault) in /tmp/KuduLite/Kudu.Core/Deployment/DeploymentManager.cs:line 266" /><!-- duration: 8ms -->
      <step title="Incoming Request" date="2025-07-20T07:12:05.546" url="/Error?type=zip" method="POST" type="request" pid="827,1,92" Accept="*/*" Host="mos-retail-rag-app.scm.azurewebsites.net" User-Agent="AZURECLI/2.69.0 (MSI)" Accept-Encoding="gzip, deflate" Authorization="Bea..." Cache-Control="no-cache" Content-Type="application/octet-stream" Content-Length="3804162" x-ms-client-request-id="cc60db51-6538-11f0-8aaf-c8154ea19f3b" x-ms-artifact-checksum="73907831518fc554d4ac82ba2f34ec6cb0a403b45400beac64e9a72e623f4f2a" X-ARR-LOG-ID="cc60db51-6538-11f0-8aaf-c8154ea19f3b" CLIENT-IP="50.35.38.30:58817" X-SITE-DEPLOYMENT-ID="mos-retail-rag-app" WAS-DEFAULT-HOSTNAME="mos-retail-rag-app.scm.azurewebsites.net" X-Forwarded-Proto="https" X-AppService-Proto="https" X-Forwarded-TlsVersion="1.3" X-WAWS-Unencoded-URL="/api/publish?type=zip" X-Client-IP="50.35.38.30" X-Client-Port="58817" >
        <step title="Outgoing response" date="2025-07-20T07:12:05.576" type="response" statusCode="400" statusText="BadRequest" /><!-- duration: 1ms -->
      </step><!-- duration: 33ms -->
