<step title="BackgroundTrace" date="2025-07-20T20:37:27.537" instance="b2a08e" url="/api/zipdeploy" method="POST" >
  <step title="Creating temporary deployment - FetchDeploymentManager" date="2025-07-20T20:37:27.653" /><!-- duration: 3ms -->
  <step title="Creating temporary deployment" date="2025-07-20T20:37:27.668" /><!-- duration: 180ms -->
  <step title="Performing fetch based deployment" date="2025-07-20T20:37:28.022" >
    <step title="Cleaning up temp folders from previous zip deployments and extracting pushed zip file /tmp/zipdeploy/b11302a4-e958-48d9-b2be-165abbf814b1.zip (1.91 MB) to /tmp/zipdeploy/extracted" date="2025-07-20T20:37:29.312" >
      <step title="ChmodRecursive Process exited with total time taken in ms: 44" date="2025-07-20T20:37:29.667" /><!-- duration: 3ms -->
    </step><!-- duration: 363ms -->
    <step title="Deployment timer started" date="2025-07-20T20:37:31.708" >
      <step title="DeploymentManager.Deploy(id:73590f2d-deef-4896-aa09-166250d0fa29)" date="2025-07-20T20:37:31.719" >
        <step title="Collecting changeset information" date="2025-07-20T20:37:31.762" /><!-- duration: 191ms -->
        <step title="Updating submodules" date="2025-07-20T20:37:31.962" /><!-- duration: 1177ms -->
        <step title="Determining deployment builder" date="2025-07-20T20:37:34.508" >
          <step title="Builder is BasicBuilder" date="2025-07-20T20:37:34.538" /><!-- duration: 2ms -->
        </step><!-- duration: 52ms -->
        <step title="PreDeployment: context.CleanOutputPath False" date="2025-07-20T20:37:34.813" >
          <step title="PreDeployment: context.OutputPath /home/site/wwwroot" date="2025-07-20T20:37:34.962" >
            <step title="Building" date="2025-07-20T20:37:35.151" >
              <step title="Executing external process" date="2025-07-20T20:37:35.831" type="process" path="starter.sh" arguments="/opt/Kudu/Scripts/parallel_rsync.sh /tmp/zipdeploy/extracted /home/site/wwwroot 8 /tmp/ False True  " /><!-- duration: 4270ms -->
              <step title="Triggering recycle (preview mode disabled)." date="2025-07-20T20:37:40.453" /><!-- duration: 2ms -->
              <step title="Modified file to trigger a restart of the app container." date="2025-07-20T20:37:40.495" /><!-- duration: 4ms -->
              <step title="Skip function trigger and logicapp sync because function is not enabled." date="2025-07-20T20:37:40.517" /><!-- duration: 9ms -->
              <step title="Purge deployment items" date="2025-07-20T20:37:41.712" >
                <step title="Remove e8dc09f5-, Success, received at 07/20/2025 05:50:18" date="2025-07-20T20:37:41.773" /><!-- duration: 6ms -->
              </step><!-- duration: 72ms -->
            </step><!-- duration: 6699ms -->
          </step><!-- duration: 6928ms -->
          <step title="Cleaning up temp files" date="2025-07-20T20:37:41.893" /><!-- duration: 17ms -->
          <step title="Cleaning up temp files" date="2025-07-20T20:37:41.929" /><!-- duration: 519ms -->
          <step title="Reloading status file with latest updates" date="2025-07-20T20:37:42.510" >
            <step title="WebHooksManager.PublishEventAsync: PostDeployment" date="2025-07-20T20:37:42.541" /><!-- duration: 87ms -->
          </step><!-- duration: 121ms -->
          <step title="Cleaning up temporary deployment - fetch deployment was successful" date="2025-07-20T20:37:42.643" /><!-- duration: 13ms -->
        </step><!-- duration: 7933ms -->
      </step><!-- duration: 11059ms -->
