<step title="Incoming Request" date="2025-07-20T08:34:19.122" instance="b2a08e" url="/api/publish?type=zip" method="POST" type="request" pid="827,1,20" Accept="*/*" Host="mos-retail-rag-app.scm.azurewebsites.net" User-Agent="AZURECLI/2.69.0 (MSI)" Accept-Encoding="gzip, deflate" Authorization="Bea..." Cache-Control="no-cache" Content-Type="application/octet-stream" Content-Length="3822888" x-ms-client-request-id="513bd958-6544-11f0-92e2-c8154ea19f3b" x-ms-artifact-checksum="03cbcdeceec1039834555769251af536f511a7c6897018b79d3933e5eb0436f8" X-ARR-LOG-ID="513bd958-6544-11f0-92e2-c8154ea19f3b" CLIENT-IP="50.35.38.30:51351" X-SITE-DEPLOYMENT-ID="mos-retail-rag-app" WAS-DEFAULT-HOSTNAME="mos-retail-rag-app.scm.azurewebsites.net" X-Forwarded-Proto="https" X-AppService-Proto="https" X-Forwarded-TlsVersion="1.3" X-WAWS-Unencoded-URL="/api/publish?type=zip" X-Client-IP="50.35.38.30" X-Client-Port="51351" >
  <step title="Cleanup Xml Logs" date="2025-07-20T08:34:19.124" /><!-- duration: 5ms -->
  <step title="OneDeploy" date="2025-07-20T08:34:19.155" >
    <step title="Starting PushDeployAsync" date="2025-07-20T08:34:19.174" /><!-- duration: 1ms -->
    <step title="Writing artifact to /tmp/zipdeploy/dfd69379-778b-4ea4-816b-de6fdb40d7b7.zip" date="2025-07-20T08:34:19.197" >
      <step title="Writing multipart request body to /tmp/zipdeploy/dfd69379-778b-4ea4-816b-de6fdb40d7b7.zip" date="2025-07-20T08:34:19.204" /><!-- duration: 1ms -->
    </step><!-- duration: 250ms -->
    <step title="Attempting to fetch target branch HEAD" date="2025-07-20T08:34:19.455" /><!-- duration: 2ms -->
    <step title="Acquiring Deployment Lock" date="2025-07-20T08:34:19.465" /><!-- duration: 1ms -->
    <step title="Acquired Deployment Lock" date="2025-07-20T08:34:19.489" /><!-- duration: 1ms -->
    <step title="Performing fetch based deployment" date="2025-07-20T08:34:19.493" >
      <step title="Creating temporary deployment" date="2025-07-20T08:34:19.496" /><!-- duration: 91ms -->
      <step title="Releasing Deployment Lock" date="2025-07-20T08:34:20.725" /><!-- duration: 9ms -->
      <step title="Cleaning up temp folders from previous zip deployments and extracting pushed zip file /tmp/zipdeploy/dfd69379-778b-4ea4-816b-de6fdb40d7b7.zip (3.65 MB) to /tmp/zipdeploy/extracted" date="2025-07-20T08:34:20.764" >
        <step title="ChmodRecursive Process exited with total time taken in ms: 56" date="2025-07-20T08:34:21.258" /><!-- duration: 3ms -->
      </step><!-- duration: 499ms -->
      <step title="None repository commit" date="2025-07-20T08:34:21.269" >
        <step title="Commit id: 87b1994e-4228-4844-a952-ce1f8203a169" date="2025-07-20T08:34:21.270" Message="OneDeploy" AuthorName="N/A" AuthorEmail="N/A" /><!-- duration: 1ms -->
      </step><!-- duration: 4ms -->
      <step title="Deployment timer started" date="2025-07-20T08:34:23.282" >
        <step title="DeploymentManager.Deploy(id:87b1994e-4228-4844-a952-ce1f8203a169)" date="2025-07-20T08:34:23.287" >
          <step title="Collecting changeset information" date="2025-07-20T08:34:23.313" /><!-- duration: 108ms -->
          <step title="Updating submodules" date="2025-07-20T08:34:23.425" /><!-- duration: 1140ms -->
          <step title="Determining deployment builder" date="2025-07-20T08:34:24.790" >
            <step title="Builder is OneDeployBuilder" date="2025-07-20T08:34:24.802" /><!-- duration: 2ms -->
          </step><!-- duration: 17ms -->
          <step title="PreDeployment: context.CleanOutputPath False" date="2025-07-20T08:34:24.844" >
            <step title="PreDeployment: context.OutputPath /home/site/wwwroot" date="2025-07-20T08:34:25.034" >
              <step title="Building" date="2025-07-20T08:34:25.171" >
                <step title="Executing external process" date="2025-07-20T08:34:25.677" type="process" path="starter.sh" arguments="/opt/Kudu/Scripts/parallel_rsync.sh /tmp/zipdeploy/extracted /home/site/wwwroot 8 /tmp/ False False  " /><!-- duration: 3802ms -->
                <step title="Modified file to trigger a restart of the app container." date="2025-07-20T08:34:29.893" /><!-- duration: 2ms -->
                <step title="Skip function trigger and logicapp sync because function is not enabled." date="2025-07-20T08:34:29.902" /><!-- duration: 3ms -->
                <step title="Purge deployment items" date="2025-07-20T08:34:30.979" >
                  <step title="Remove 551da3da-, Success, received at 07/19/2025 01:19:06" date="2025-07-20T08:34:31.052" /><!-- duration: 4ms -->
                </step><!-- duration: 80ms -->
              </step><!-- duration: 5957ms -->
            </step><!-- duration: 6101ms -->
            <step title="Cleaning up temp files" date="2025-07-20T08:34:31.136" /><!-- duration: 7ms -->
            <step title="Cleaning up temp files" date="2025-07-20T08:34:31.145" /><!-- duration: 509ms -->
            <step title="Reloading status file with latest updates" date="2025-07-20T08:34:31.715" >
              <step title="WebHooksManager.PublishEventAsync: PostDeployment" date="2025-07-20T08:34:31.721" /><!-- duration: 73ms -->
            </step><!-- duration: 108ms -->
            <step title="Cleaning up temporary deployment - fetch deployment was successful" date="2025-07-20T08:34:31.842" /><!-- duration: 3ms -->
          </step><!-- duration: 7179ms -->
        </step><!-- duration: 8746ms -->
        <step title="Outgoing response" date="2025-07-20T08:34:32.054" type="response" statusCode="200" statusText="OK" /><!-- duration: 1ms -->
      </step><!-- duration: 8781ms -->
