<step title="Incoming Request" date="2025-07-20T06:13:06.765" instance="b2a08e" url="/api/zipdeploy?isAsync=true" method="POST" type="request" pid="827,1,77" Accept="*/*" Host="mos-retail-rag-app.scm.azurewebsites.net" User-Agent="AZURECLI/2.69.0 (MSI)" Accept-Encoding="gzip, deflate" Authorization="Bea..." Cache-Control="no-cache" Content-Type="application/octet-stream" Content-Length="17876370" x-ms-client-request-id="98cb40ea-6530-11f0-baf9-c8154ea19f3b" x-ms-artifact-checksum="6a1a54994055e0a32ec016a3567f28468406e94bc0659a8f20be013bc7179f68" X-ARR-LOG-ID="98cb40ea-6530-11f0-baf9-c8154ea19f3b" CLIENT-IP="50.35.38.30:59304" X-SITE-DEPLOYMENT-ID="mos-retail-rag-app" WAS-DEFAULT-HOSTNAME="mos-retail-rag-app.scm.azurewebsites.net" X-Forwarded-Proto="https" X-AppService-Proto="https" X-Forwarded-TlsVersion="1.3" X-WAWS-Unencoded-URL="/api/zipdeploy?isAsync=true" X-Client-IP="50.35.38.30" X-Client-Port="59304" >
  <step title="Cleanup Xml Logs" date="2025-07-20T06:13:06.805" /><!-- duration: 30ms -->
  <step title="ZipPushDeploy" date="2025-07-20T06:13:06.878" >
    <step title="ZipDeploy. Extract zip." date="2025-07-20T06:13:06.910" /><!-- duration: 1ms -->
    <step title="Starting PushDeployAsync" date="2025-07-20T06:13:06.916" /><!-- duration: 1ms -->
    <step title="Writing artifact to /tmp/zipdeploy/31a569c4-3177-43ff-909b-37b27abd4d2e.zip" date="2025-07-20T06:13:06.924" >
      <step title="Writing multipart request body to /tmp/zipdeploy/31a569c4-3177-43ff-909b-37b27abd4d2e.zip" date="2025-07-20T06:13:06.926" /><!-- duration: 1ms -->
    </step><!-- duration: 888ms -->
    <step title="Start deployment in the background" date="2025-07-20T06:13:07.820" >
      <step title="Acquiring Deployment Lock" date="2025-07-20T06:13:07.883" /><!-- duration: 50ms -->
      <step title="Acquired Deployment Lock" date="2025-07-20T06:13:07.991" /><!-- duration: 5ms -->
    </step><!-- duration: 306ms -->
  </step><!-- duration: 1340ms -->
  <step title="Outgoing response" date="2025-07-20T06:13:08.230" type="response" statusCode="202" statusText="Accepted" /><!-- duration: 8ms -->
</step><!-- duration: 1475ms -->
