<step title="Incoming Request" date="2025-07-19T01:14:47.724" instance="b2a08e" url="/api/publish?type=zip" method="POST" type="request" pid="827,1,75" Accept="*/*" Host="mos-retail-rag-app.scm.azurewebsites.net" User-Agent="AZURECLI/2.69.0 (MSI)" Accept-Encoding="gzip, deflate" Authorization="Bea..." Cache-Control="no-cache" Content-Type="application/octet-stream" Content-Length="5554782" x-ms-client-request-id="c0deb9dc-643d-11f0-9e49-c8154ea19f3b" x-ms-artifact-checksum="0ae59e3bf6a4348973e4b60f71cb8d9d09f7f92b1f51d79a267b81c788449acc" X-ARR-LOG-ID="c0deb9dc-643d-11f0-9e49-c8154ea19f3b" CLIENT-IP="20.236.11.102:28911" X-SITE-DEPLOYMENT-ID="mos-retail-rag-app" WAS-DEFAULT-HOSTNAME="mos-retail-rag-app.scm.azurewebsites.net" X-Forwarded-Proto="https" X-AppService-Proto="https" X-Forwarded-TlsVersion="1.3" X-WAWS-Unencoded-URL="/api/publish?type=zip" X-Client-IP="20.236.11.102" X-Client-Port="28911" >
  <step title="Cleanup Xml Logs" date="2025-07-19T01:14:47.744" /><!-- duration: 22ms -->
  <step title="OneDeploy" date="2025-07-19T01:14:48.199" >
    <step title="Starting PushDeployAsync" date="2025-07-19T01:14:48.248" /><!-- duration: 8ms -->
    <step title="Writing artifact to /tmp/zipdeploy/b87b9f79-4876-493e-a06b-335337cb1690.zip" date="2025-07-19T01:14:48.268" >
      <step title="Writing multipart request body to /tmp/zipdeploy/b87b9f79-4876-493e-a06b-335337cb1690.zip" date="2025-07-19T01:14:48.269" /><!-- duration: 37ms -->
    </step><!-- duration: 355ms -->
    <step title="Attempting to fetch target branch HEAD" date="2025-07-19T01:14:48.629" /><!-- duration: 2ms -->
    <step title="Acquiring Deployment Lock" date="2025-07-19T01:14:48.649" /><!-- duration: 4ms -->
    <step title="Acquired Deployment Lock" date="2025-07-19T01:14:48.682" /><!-- duration: 4ms -->
    <step title="Performing fetch based deployment" date="2025-07-19T01:14:48.694" >
      <step title="Creating temporary deployment" date="2025-07-19T01:14:48.700" /><!-- duration: 95ms -->
      <step title="Releasing Deployment Lock" date="2025-07-19T01:14:50.027" /><!-- duration: 2ms -->
      <step title="Cleaning up temp folders from previous zip deployments and extracting pushed zip file /tmp/zipdeploy/b87b9f79-4876-493e-a06b-335337cb1690.zip (5.30 MB) to /tmp/zipdeploy/extracted" date="2025-07-19T01:14:50.038" >
        <step title="ChmodRecursive Process exited with total time taken in ms: 50" date="2025-07-19T01:14:50.632" /><!-- duration: 1ms -->
      </step><!-- duration: 597ms -->
      <step title="None repository commit" date="2025-07-19T01:14:50.643" >
        <step title="Commit id: eec8ee90-fe5c-4df6-8e53-2d79e2a45c52" date="2025-07-19T01:14:50.644" Message="OneDeploy" AuthorName="N/A" AuthorEmail="N/A" /><!-- duration: 1ms -->
      </step><!-- duration: 9ms -->
      <step title="Deployment timer started" date="2025-07-19T01:14:52.660" >
        <step title="DeploymentManager.Deploy(id:eec8ee90-fe5c-4df6-8e53-2d79e2a45c52)" date="2025-07-19T01:14:52.666" >
          <step title="Collecting changeset information" date="2025-07-19T01:14:52.717" /><!-- duration: 120ms -->
          <step title="Updating submodules" date="2025-07-19T01:14:52.844" /><!-- duration: 1172ms -->
          <step title="Determining deployment builder" date="2025-07-19T01:14:54.239" >
            <step title="Builder is OneDeployBuilder" date="2025-07-19T01:14:54.259" /><!-- duration: 1ms -->
          </step><!-- duration: 23ms -->
          <step title="PreDeployment: context.CleanOutputPath False" date="2025-07-19T01:14:54.313" >
            <step title="PreDeployment: context.OutputPath /home/site/wwwroot" date="2025-07-19T01:14:54.464" >
              <step title="Building" date="2025-07-19T01:14:54.626" >
                <step title="Executing external process" date="2025-07-19T01:14:55.154" type="process" path="starter.sh" arguments="/opt/Kudu/Scripts/parallel_rsync.sh /tmp/zipdeploy/extracted /home/site/wwwroot 8 /tmp/ False False  " /><!-- duration: 9602ms -->
                <step title="Modified file to trigger a restart of the app container." date="2025-07-19T01:15:05.245" /><!-- duration: 1ms -->
                <step title="Skip function trigger and logicapp sync because function is not enabled." date="2025-07-19T01:15:05.256" /><!-- duration: 1ms -->
              </step><!-- duration: 11727ms -->
            </step><!-- duration: 11897ms -->
            <step title="Cleaning up temp files" date="2025-07-19T01:15:06.366" /><!-- duration: 16ms -->
            <step title="Cleaning up temp files" date="2025-07-19T01:15:06.426" /><!-- duration: 518ms -->
            <step title="Reloading status file with latest updates" date="2025-07-19T01:15:06.984" >
              <step title="WebHooksManager.PublishEventAsync: PostDeployment" date="2025-07-19T01:15:06.990" /><!-- duration: 31ms -->
            </step><!-- duration: 38ms -->
            <step title="Cleaning up temporary deployment - fetch deployment was successful" date="2025-07-19T01:15:07.031" /><!-- duration: 2ms -->
          </step><!-- duration: 12850ms -->
        </step><!-- duration: 14510ms -->
        <step title="Outgoing response" date="2025-07-19T01:15:07.184" type="response" statusCode="200" statusText="OK" /><!-- duration: 1ms -->
      </step><!-- duration: 14528ms -->
