<step title="Incoming Request" date="2025-07-20T07:40:27.557" instance="b2a08e" url="/api/publish?type=zip" method="POST" type="request" pid="827,1,70" Accept="*/*" Host="mos-retail-rag-app.scm.azurewebsites.net" User-Agent="AZURECLI/2.69.0 (MSI)" Accept-Encoding="gzip, deflate" Authorization="Bea..." Cache-Control="no-cache" Content-Type="application/octet-stream" Content-Length="5577831" x-ms-client-request-id="cc9146ab-653c-11f0-ba1e-c8154ea19f3b" x-ms-artifact-checksum="a6d760e9d12be3b8df047de00c3961ba938cdc38e4ced887d7ea747c2bdf5a74" X-ARR-LOG-ID="cc9146ab-653c-11f0-ba1e-c8154ea19f3b" CLIENT-IP="50.35.38.30:59029" X-SITE-DEPLOYMENT-ID="mos-retail-rag-app" WAS-DEFAULT-HOSTNAME="mos-retail-rag-app.scm.azurewebsites.net" X-Forwarded-Proto="https" X-AppService-Proto="https" X-Forwarded-TlsVersion="1.3" X-WAWS-Unencoded-URL="/api/publish?type=zip" X-Client-IP="50.35.38.30" X-Client-Port="59029" >
  <step title="Cleanup Xml Logs" date="2025-07-20T07:40:27.560" /><!-- duration: 5ms -->
  <step title="OneDeploy" date="2025-07-20T07:40:27.588" >
    <step title="Starting PushDeployAsync" date="2025-07-20T07:40:27.599" /><!-- duration: 1ms -->
    <step title="Writing artifact to /tmp/zipdeploy/5e1e33f9-52d3-4c3d-9f43-adee66fe6251.zip" date="2025-07-20T07:40:27.613" >
      <step title="Writing multipart request body to /tmp/zipdeploy/5e1e33f9-52d3-4c3d-9f43-adee66fe6251.zip" date="2025-07-20T07:40:27.616" /><!-- duration: 2ms -->
    </step><!-- duration: 3547ms -->
    <step title="Attempting to fetch target branch HEAD" date="2025-07-20T07:40:31.182" /><!-- duration: 5ms -->
    <step title="Acquiring Deployment Lock" date="2025-07-20T07:40:31.191" /><!-- duration: 10ms -->
    <step title="Acquired Deployment Lock" date="2025-07-20T07:40:31.228" /><!-- duration: 2ms -->
    <step title="Performing fetch based deployment" date="2025-07-20T07:40:31.256" >
      <step title="Creating temporary deployment" date="2025-07-20T07:40:31.261" /><!-- duration: 41ms -->
      <step title="Releasing Deployment Lock" date="2025-07-20T07:40:32.501" /><!-- duration: 2ms -->
      <step title="Cleaning up temp folders from previous zip deployments and extracting pushed zip file /tmp/zipdeploy/5e1e33f9-52d3-4c3d-9f43-adee66fe6251.zip (5.32 MB) to /tmp/zipdeploy/extracted" date="2025-07-20T07:40:32.529" >
        <step title="ChmodRecursive Process exited with total time taken in ms: 594" date="2025-07-20T07:40:34.074" /><!-- duration: 28ms -->
      </step><!-- duration: 1578ms -->
      <step title="None repository commit" date="2025-07-20T07:40:34.109" >
        <step title="Commit id: 9ad3cf9b-7141-4afb-9b6a-99147eca464a" date="2025-07-20T07:40:34.110" Message="OneDeploy" AuthorName="N/A" AuthorEmail="N/A" /><!-- duration: 1ms -->
      </step><!-- duration: 8ms -->
      <step title="Deployment timer started" date="2025-07-20T07:40:36.139" >
        <step title="DeploymentManager.Deploy(id:9ad3cf9b-7141-4afb-9b6a-99147eca464a)" date="2025-07-20T07:40:36.168" >
          <step title="Collecting changeset information" date="2025-07-20T07:40:36.189" /><!-- duration: 70ms -->
          <step title="Updating submodules" date="2025-07-20T07:40:36.263" /><!-- duration: 1156ms -->
          <step title="Determining deployment builder" date="2025-07-20T07:40:37.675" >
            <step title="Builder is OneDeployBuilder" date="2025-07-20T07:40:37.686" /><!-- duration: 3ms -->
          </step><!-- duration: 16ms -->
          <step title="PreDeployment: context.CleanOutputPath False" date="2025-07-20T07:40:37.733" >
            <step title="PreDeployment: context.OutputPath /home/site/wwwroot" date="2025-07-20T07:40:37.833" >
              <step title="Building" date="2025-07-20T07:40:37.948" >
                <step title="Executing external process" date="2025-07-20T07:40:38.558" type="process" path="starter.sh" arguments="/opt/Kudu/Scripts/parallel_rsync.sh /tmp/zipdeploy/extracted /home/site/wwwroot 8 /tmp/ False False  " /><!-- duration: 3634ms -->
                <step title="Modified file to trigger a restart of the app container." date="2025-07-20T07:40:42.664" /><!-- duration: 1ms -->
                <step title="Skip function trigger and logicapp sync because function is not enabled." date="2025-07-20T07:40:42.672" /><!-- duration: 2ms -->
                <step title="Purge deployment items" date="2025-07-20T07:40:43.736" >
                  <step title="Remove c6c1895f-, Success, received at 07/19/2025 01:03:55" date="2025-07-20T07:40:43.934" /><!-- duration: 5ms -->
                </step><!-- duration: 206ms -->
              </step><!-- duration: 6054ms -->
            </step><!-- duration: 6178ms -->
            <step title="Cleaning up temp files" date="2025-07-20T07:40:44.013" /><!-- duration: 6ms -->
            <step title="Cleaning up temp files" date="2025-07-20T07:40:44.021" /><!-- duration: 503ms -->
            <step title="Reloading status file with latest updates" date="2025-07-20T07:40:44.599" >
              <step title="WebHooksManager.PublishEventAsync: PostDeployment" date="2025-07-20T07:40:44.617" /><!-- duration: 52ms -->
            </step><!-- duration: 72ms -->
            <step title="Cleaning up temporary deployment - fetch deployment was successful" date="2025-07-20T07:40:44.729" /><!-- duration: 21ms -->
          </step><!-- duration: 7168ms -->
        </step><!-- duration: 8761ms -->
        <step title="Outgoing response" date="2025-07-20T07:40:44.951" type="response" statusCode="200" statusText="OK" /><!-- duration: 10ms -->
      </step><!-- duration: 8830ms -->
