<step title="Incoming Request" date="2025-07-20T07:23:59.955" instance="b2a08e" url="/api/publish?type=zip" method="POST" type="request" pid="827,1,31" Accept="*/*" Host="mos-retail-rag-app.scm.azurewebsites.net" User-Agent="AZURECLI/2.69.0 (MSI)" Accept-Encoding="gzip, deflate" Authorization="Bea..." Cache-Control="no-cache" Content-Type="application/octet-stream" Content-Length="3818261" x-ms-client-request-id="7d875dd2-653a-11f0-888a-c8154ea19f3b" x-ms-artifact-checksum="469e32f52a1a58fd933d9af63485a180b9e1ced6c63156ed799071bc3bd80fdd" X-ARR-LOG-ID="7d875dd2-653a-11f0-888a-c8154ea19f3b" CLIENT-IP="50.35.38.30:61878" X-SITE-DEPLOYMENT-ID="mos-retail-rag-app" WAS-DEFAULT-HOSTNAME="mos-retail-rag-app.scm.azurewebsites.net" X-Forwarded-Proto="https" X-AppService-Proto="https" X-Forwarded-TlsVersion="1.3" X-WAWS-Unencoded-URL="/api/publish?type=zip" X-Client-IP="50.35.38.30" X-Client-Port="61878" >
  <step title="Cleanup Xml Logs" date="2025-07-20T07:23:59.971" /><!-- duration: 6ms -->
  <step title="OneDeploy" date="2025-07-20T07:23:59.994" >
    <step title="Starting PushDeployAsync" date="2025-07-20T07:24:00.000" /><!-- duration: 2ms -->
    <step title="Writing artifact to /tmp/zipdeploy/bc012bc8-7cbf-47a3-aff3-045f226b1db4.zip" date="2025-07-20T07:24:00.013" >
      <step title="Writing multipart request body to /tmp/zipdeploy/bc012bc8-7cbf-47a3-aff3-045f226b1db4.zip" date="2025-07-20T07:24:00.030" /><!-- duration: 1ms -->
    </step><!-- duration: 2257ms -->
    <step title="Attempting to fetch target branch HEAD" date="2025-07-20T07:24:02.338" /><!-- duration: 9ms -->
    <step title="Acquiring Deployment Lock" date="2025-07-20T07:24:02.357" /><!-- duration: 3ms -->
    <step title="Acquired Deployment Lock" date="2025-07-20T07:24:02.460" /><!-- duration: 19ms -->
    <step title="Performing fetch based deployment" date="2025-07-20T07:24:02.501" >
      <step title="Creating temporary deployment" date="2025-07-20T07:24:02.549" /><!-- duration: 152ms -->
      <step title="Releasing Deployment Lock" date="2025-07-20T07:24:03.969" /><!-- duration: 11ms -->
      <step title="Cleaning up temp folders from previous zip deployments and extracting pushed zip file /tmp/zipdeploy/bc012bc8-7cbf-47a3-aff3-045f226b1db4.zip (3.64 MB) to /tmp/zipdeploy/extracted" date="2025-07-20T07:24:04.011" >
        <step title="ChmodRecursive Process exited with total time taken in ms: 323" date="2025-07-20T07:24:04.707" /><!-- duration: 2ms -->
      </step><!-- duration: 715ms -->
      <step title="None repository commit" date="2025-07-20T07:24:04.728" >
        <step title="Commit id: 7bf5e1ae-2485-4e03-90cf-96536f4bd724" date="2025-07-20T07:24:04.730" Message="OneDeploy" AuthorName="N/A" AuthorEmail="N/A" /><!-- duration: 2ms -->
      </step><!-- duration: 5ms -->
      <step title="Deployment timer started" date="2025-07-20T07:24:06.736" >
        <step title="DeploymentManager.Deploy(id:7bf5e1ae-2485-4e03-90cf-96536f4bd724)" date="2025-07-20T07:24:06.753" >
          <step title="Collecting changeset information" date="2025-07-20T07:24:06.812" /><!-- duration: 78ms -->
          <step title="Updating submodules" date="2025-07-20T07:24:06.893" /><!-- duration: 1088ms -->
          <step title="Determining deployment builder" date="2025-07-20T07:24:08.216" >
            <step title="Builder is OneDeployBuilder" date="2025-07-20T07:24:08.245" /><!-- duration: 3ms -->
          </step><!-- duration: 36ms -->
          <step title="PreDeployment: context.CleanOutputPath False" date="2025-07-20T07:24:08.286" >
            <step title="PreDeployment: context.OutputPath /home/site/wwwroot" date="2025-07-20T07:24:08.397" >
              <step title="Building" date="2025-07-20T07:24:08.521" >
                <step title="Executing external process" date="2025-07-20T07:24:08.933" type="process" path="starter.sh" arguments="/opt/Kudu/Scripts/parallel_rsync.sh /tmp/zipdeploy/extracted /home/site/wwwroot 8 /tmp/ False False  " /><!-- duration: 4570ms -->
                <step title="Modified file to trigger a restart of the app container." date="2025-07-20T07:24:13.928" /><!-- duration: 5ms -->
                <step title="Skip function trigger and logicapp sync because function is not enabled." date="2025-07-20T07:24:13.949" /><!-- duration: 3ms -->
                <step title="Purge deployment items" date="2025-07-20T07:24:14.870" >
                  <step title="Remove 58021741-, Failed, received at 07/20/2025 07:11:54" date="2025-07-20T07:24:14.916" /><!-- duration: 3ms -->
                  <step title="Remove ff99194d-, Success, received at 07/19/2025 00:50:00" date="2025-07-20T07:24:15.021" /><!-- duration: 2ms -->
                </step><!-- duration: 155ms -->
              </step><!-- duration: 6556ms -->
            </step><!-- duration: 6697ms -->
            <step title="Cleaning up temp files" date="2025-07-20T07:24:15.096" /><!-- duration: 10ms -->
            <step title="Cleaning up temp files" date="2025-07-20T07:24:15.107" /><!-- duration: 510ms -->
            <step title="Reloading status file with latest updates" date="2025-07-20T07:24:15.644" >
              <step title="WebHooksManager.PublishEventAsync: PostDeployment" date="2025-07-20T07:24:15.653" /><!-- duration: 22ms -->
            </step><!-- duration: 32ms -->
            <step title="Cleaning up temporary deployment - fetch deployment was successful" date="2025-07-20T07:24:15.682" /><!-- duration: 2ms -->
          </step><!-- duration: 7474ms -->
        </step><!-- duration: 9014ms -->
        <step title="Outgoing response" date="2025-07-20T07:24:15.773" type="response" statusCode="200" statusText="OK" /><!-- duration: 8ms -->
      </step><!-- duration: 9046ms -->
