<step title="Incoming Request" date="2025-07-20T08:50:45.593" instance="b2a08e" url="/api/publish?type=zip" method="POST" type="request" pid="827,1,61" Accept="*/*" Host="mos-retail-rag-app.scm.azurewebsites.net" User-Agent="AZURECLI/2.69.0 (MSI)" Accept-Encoding="gzip, deflate" Authorization="Bea..." Cache-Control="no-cache" Content-Type="application/octet-stream" Content-Length="5578037" x-ms-client-request-id="9e40a596-6546-11f0-b357-c8154ea19f3b" x-ms-artifact-checksum="1d019b900710d33a252704f3dc1103351edb15fc2b72e8e9f2e7a33c11c12190" X-ARR-LOG-ID="9e40a596-6546-11f0-b357-c8154ea19f3b" CLIENT-IP="50.35.38.30:62319" X-SITE-DEPLOYMENT-ID="mos-retail-rag-app" WAS-DEFAULT-HOSTNAME="mos-retail-rag-app.scm.azurewebsites.net" X-Forwarded-Proto="https" X-AppService-Proto="https" X-Forwarded-TlsVersion="1.3" X-WAWS-Unencoded-URL="/api/publish?type=zip" X-Client-IP="50.35.38.30" X-Client-Port="62319" >
  <step title="Cleanup Xml Logs" date="2025-07-20T08:50:45.595" /><!-- duration: 11ms -->
  <step title="OneDeploy" date="2025-07-20T08:50:45.646" >
    <step title="Starting PushDeployAsync" date="2025-07-20T08:50:45.659" /><!-- duration: 1ms -->
    <step title="Writing artifact to /tmp/zipdeploy/fb20fa3e-b99c-4398-89fd-54a368abca7b.zip" date="2025-07-20T08:50:45.675" >
      <step title="Writing multipart request body to /tmp/zipdeploy/fb20fa3e-b99c-4398-89fd-54a368abca7b.zip" date="2025-07-20T08:50:45.683" /><!-- duration: 3ms -->
    </step><!-- duration: 3097ms -->
    <step title="Attempting to fetch target branch HEAD" date="2025-07-20T08:50:48.779" /><!-- duration: 1ms -->
    <step title="Acquiring Deployment Lock" date="2025-07-20T08:50:48.792" /><!-- duration: 3ms -->
    <step title="Acquired Deployment Lock" date="2025-07-20T08:50:48.822" /><!-- duration: 3ms -->
    <step title="Performing fetch based deployment" date="2025-07-20T08:50:48.833" >
      <step title="Creating temporary deployment" date="2025-07-20T08:50:48.838" /><!-- duration: 97ms -->
      <step title="Releasing Deployment Lock" date="2025-07-20T08:50:50.075" /><!-- duration: 2ms -->
      <step title="Cleaning up temp folders from previous zip deployments and extracting pushed zip file /tmp/zipdeploy/fb20fa3e-b99c-4398-89fd-54a368abca7b.zip (5.32 MB) to /tmp/zipdeploy/extracted" date="2025-07-20T08:50:50.106" >
        <step title="ChmodRecursive Process exited with total time taken in ms: 39" date="2025-07-20T08:50:50.710" /><!-- duration: 21ms -->
      </step><!-- duration: 645ms -->
      <step title="None repository commit" date="2025-07-20T08:50:50.753" >
        <step title="Commit id: a2b4fa57-f5b6-4263-9c57-414828422e12" date="2025-07-20T08:50:50.754" Message="OneDeploy" AuthorName="N/A" AuthorEmail="N/A" /><!-- duration: 1ms -->
      </step><!-- duration: 4ms -->
      <step title="Deployment timer started" date="2025-07-20T08:50:52.765" >
        <step title="DeploymentManager.Deploy(id:a2b4fa57-f5b6-4263-9c57-414828422e12)" date="2025-07-20T08:50:52.769" >
          <step title="Collecting changeset information" date="2025-07-20T08:50:52.786" /><!-- duration: 83ms -->
          <step title="Updating submodules" date="2025-07-20T08:50:52.892" /><!-- duration: 1150ms -->
          <step title="Determining deployment builder" date="2025-07-20T08:50:54.223" >
            <step title="Builder is OneDeployBuilder" date="2025-07-20T08:50:54.237" /><!-- duration: 1ms -->
          </step><!-- duration: 16ms -->
          <step title="PreDeployment: context.CleanOutputPath False" date="2025-07-20T08:50:54.277" >
            <step title="PreDeployment: context.OutputPath /home/site/wwwroot" date="2025-07-20T08:50:54.382" >
              <step title="Building" date="2025-07-20T08:50:54.482" >
                <step title="Executing external process" date="2025-07-20T08:50:54.990" type="process" path="starter.sh" arguments="/opt/Kudu/Scripts/parallel_rsync.sh /tmp/zipdeploy/extracted /home/site/wwwroot 8 /tmp/ False False  " /><!-- duration: 3780ms -->
                <step title="Modified file to trigger a restart of the app container." date="2025-07-20T08:50:59.150" /><!-- duration: 4ms -->
                <step title="Skip function trigger and logicapp sync because function is not enabled." date="2025-07-20T08:50:59.156" /><!-- duration: 1ms -->
                <step title="Purge deployment items" date="2025-07-20T08:51:00.169" >
                  <step title="Remove 15560b7f-, Success, received at 07/19/2025 01:32:24" date="2025-07-20T08:51:00.363" /><!-- duration: 20ms -->
                </step><!-- duration: 217ms -->
              </step><!-- duration: 5982ms -->
            </step><!-- duration: 6097ms -->
            <step title="Cleaning up temp files" date="2025-07-20T08:51:00.481" /><!-- duration: 5ms -->
            <step title="Cleaning up temp files" date="2025-07-20T08:51:00.501" /><!-- duration: 513ms -->
            <step title="Reloading status file with latest updates" date="2025-07-20T08:51:01.058" >
              <step title="WebHooksManager.PublishEventAsync: PostDeployment" date="2025-07-20T08:51:01.074" /><!-- duration: 34ms -->
            </step><!-- duration: 55ms -->
            <step title="Cleaning up temporary deployment - fetch deployment was successful" date="2025-07-20T08:51:01.137" /><!-- duration: 5ms -->
          </step><!-- duration: 6958ms -->
        </step><!-- duration: 8481ms -->
        <step title="Outgoing response" date="2025-07-20T08:51:01.279" type="response" statusCode="200" statusText="OK" /><!-- duration: 1ms -->
      </step><!-- duration: 8516ms -->
