<step title="Incoming Request" date="2025-07-20T08:23:32.279" instance="b2a08e" url="/api/publish?type=zip" method="POST" type="request" pid="827,1,90" Accept="*/*" Host="mos-retail-rag-app.scm.azurewebsites.net" User-Agent="AZURECLI/2.69.0 (MSI)" Accept-Encoding="gzip, deflate" Authorization="Bea..." Cache-Control="no-cache" Content-Type="application/octet-stream" Content-Length="9096031" x-ms-client-request-id="d134946b-6542-11f0-94ed-c8154ea19f3b" x-ms-artifact-checksum="d19fe3092a49c558ba6462aa9a7038c54ce8b29ed49ddbb04effe355c4a15f28" X-ARR-LOG-ID="d134946b-6542-11f0-94ed-c8154ea19f3b" CLIENT-IP="50.35.38.30:52029" X-SITE-DEPLOYMENT-ID="mos-retail-rag-app" WAS-DEFAULT-HOSTNAME="mos-retail-rag-app.scm.azurewebsites.net" X-Forwarded-Proto="https" X-AppService-Proto="https" X-Forwarded-TlsVersion="1.3" X-WAWS-Unencoded-URL="/api/publish?type=zip" X-Client-IP="50.35.38.30" X-Client-Port="52029" >
  <step title="Cleanup Xml Logs" date="2025-07-20T08:23:32.287" /><!-- duration: 11ms -->
  <step title="OneDeploy" date="2025-07-20T08:23:32.361" >
    <step title="Starting PushDeployAsync" date="2025-07-20T08:23:32.396" /><!-- duration: 1ms -->
    <step title="Writing artifact to /tmp/zipdeploy/c7e926f7-ffa1-4f96-8079-11b3b434ddd3.zip" date="2025-07-20T08:23:32.416" >
      <step title="Writing multipart request body to /tmp/zipdeploy/c7e926f7-ffa1-4f96-8079-11b3b434ddd3.zip" date="2025-07-20T08:23:32.417" /><!-- duration: 29ms -->
    </step><!-- duration: 503ms -->
    <step title="Attempting to fetch target branch HEAD" date="2025-07-20T08:23:32.937" /><!-- duration: 2ms -->
    <step title="Acquiring Deployment Lock" date="2025-07-20T08:23:32.945" /><!-- duration: 3ms -->
    <step title="Acquired Deployment Lock" date="2025-07-20T08:23:33.008" /><!-- duration: 1ms -->
    <step title="Performing fetch based deployment" date="2025-07-20T08:23:33.037" >
      <step title="Creating temporary deployment" date="2025-07-20T08:23:33.056" /><!-- duration: 167ms -->
      <step title="Releasing Deployment Lock" date="2025-07-20T08:23:34.422" /><!-- duration: 9ms -->
      <step title="Cleaning up temp folders from previous zip deployments and extracting pushed zip file /tmp/zipdeploy/c7e926f7-ffa1-4f96-8079-11b3b434ddd3.zip (8.67 MB) to /tmp/zipdeploy/extracted" date="2025-07-20T08:23:34.452" >
        <step title="ChmodRecursive Process exited with total time taken in ms: 58" date="2025-07-20T08:23:36.288" /><!-- duration: 5ms -->
      </step><!-- duration: 1867ms -->
      <step title="None repository commit" date="2025-07-20T08:23:36.321" >
        <step title="Commit id: 7c45792c-fff2-46b9-9789-082ca10f73b4" date="2025-07-20T08:23:36.323" Message="OneDeploy" AuthorName="N/A" AuthorEmail="N/A" /><!-- duration: 6ms -->
      </step><!-- duration: 11ms -->
      <step title="Deployment timer started" date="2025-07-20T08:23:38.335" >
        <step title="DeploymentManager.Deploy(id:7c45792c-fff2-46b9-9789-082ca10f73b4)" date="2025-07-20T08:23:38.338" >
          <step title="Collecting changeset information" date="2025-07-20T08:23:38.372" /><!-- duration: 98ms -->
          <step title="Updating submodules" date="2025-07-20T08:23:38.480" /><!-- duration: 1127ms -->
          <step title="Determining deployment builder" date="2025-07-20T08:23:39.788" >
            <step title="Builder is OneDeployBuilder" date="2025-07-20T08:23:39.803" /><!-- duration: 2ms -->
          </step><!-- duration: 19ms -->
          <step title="PreDeployment: context.CleanOutputPath False" date="2025-07-20T08:23:39.847" >
            <step title="PreDeployment: context.OutputPath /home/site/wwwroot" date="2025-07-20T08:23:39.944" >
              <step title="Building" date="2025-07-20T08:23:40.046" >
                <step title="Executing external process" date="2025-07-20T08:23:40.536" type="process" path="starter.sh" arguments="/opt/Kudu/Scripts/parallel_rsync.sh /tmp/zipdeploy/extracted /home/site/wwwroot 8 /tmp/ False False  " /><!-- duration: 4326ms -->
                <step title="Modified file to trigger a restart of the app container." date="2025-07-20T08:23:45.237" /><!-- duration: 2ms -->
                <step title="Skip function trigger and logicapp sync because function is not enabled." date="2025-07-20T08:23:45.246" /><!-- duration: 1ms -->
                <step title="Purge deployment items" date="2025-07-20T08:23:46.115" >
                  <step title="Remove eec8ee90-, Success, received at 07/19/2025 01:14:52" date="2025-07-20T08:23:46.153" /><!-- duration: 2ms -->
                </step><!-- duration: 43ms -->
              </step><!-- duration: 6201ms -->
            </step><!-- duration: 6313ms -->
            <step title="Cleaning up temp files" date="2025-07-20T08:23:46.259" /><!-- duration: 6ms -->
            <step title="Cleaning up temp files" date="2025-07-20T08:23:46.271" /><!-- duration: 512ms -->
            <step title="Reloading status file with latest updates" date="2025-07-20T08:23:46.834" >
              <step title="WebHooksManager.PublishEventAsync: PostDeployment" date="2025-07-20T08:23:46.843" /><!-- duration: 86ms -->
            </step><!-- duration: 97ms -->
            <step title="Cleaning up temporary deployment - fetch deployment was successful" date="2025-07-20T08:23:46.935" /><!-- duration: 1ms -->
          </step><!-- duration: 7188ms -->
        </step><!-- duration: 8708ms -->
        <step title="Outgoing response" date="2025-07-20T08:23:47.067" type="response" statusCode="200" statusText="OK" /><!-- duration: 8ms -->
      </step><!-- duration: 8741ms -->
