<step title="Incoming Request" date="2025-07-18T20:31:34.808" instance="b2a08e" url="/api/zipdeploy?isAsync=true" method="POST" type="request" pid="827,1,38" Accept="*/*" Host="mos-retail-rag-app.scm.azurewebsites.net" User-Agent="AZURECLI/2.69.0 (MSI)" Accept-Encoding="gzip, deflate" Authorization="Bea..." Cache-Control="no-cache" Content-Type="application/octet-stream" Content-Length="3774430" x-ms-client-request-id="30c2434c-6416-11f0-98f0-c8154ea19f3b" x-ms-artifact-checksum="576a59aa0d93c3a70970736a805462c09391745980eda6e6f7f5f6bb0f8ad9e2" X-ARR-LOG-ID="30c2434c-6416-11f0-98f0-c8154ea19f3b" CLIENT-IP="50.35.38.30:53461" X-SITE-DEPLOYMENT-ID="mos-retail-rag-app" WAS-DEFAULT-HOSTNAME="mos-retail-rag-app.scm.azurewebsites.net" X-Forwarded-Proto="https" X-AppService-Proto="https" X-Forwarded-TlsVersion="1.3" X-WAWS-Unencoded-URL="/api/zipdeploy?isAsync=true" X-Client-IP="50.35.38.30" X-Client-Port="53461" >
  <step title="Cleanup Xml Logs" date="2025-07-18T20:31:34.820" /><!-- duration: 31ms -->
  <step title="ZipPushDeploy" date="2025-07-18T20:31:34.979" >
    <step title="ZipDeploy. Extract zip." date="2025-07-18T20:31:34.989" /><!-- duration: 2ms -->
    <step title="Starting PushDeployAsync" date="2025-07-18T20:31:34.995" /><!-- duration: 3ms -->
    <step title="Writing artifact to /tmp/zipdeploy/6a5f2698-9cf9-41c9-84df-451294052254.zip" date="2025-07-18T20:31:35.019" >
      <step title="Writing multipart request body to /tmp/zipdeploy/6a5f2698-9cf9-41c9-84df-451294052254.zip" date="2025-07-18T20:31:35.027" /><!-- duration: 1ms -->
    </step><!-- duration: 426ms -->
    <step title="Start deployment in the background" date="2025-07-18T20:31:35.454" >
      <step title="Acquiring Deployment Lock" date="2025-07-18T20:31:35.500" /><!-- duration: 2ms -->
      <step title="Acquired Deployment Lock" date="2025-07-18T20:31:35.581" /><!-- duration: 11ms -->
    </step><!-- duration: 858ms -->
  </step><!-- duration: 1346ms -->
  <step title="Outgoing response" date="2025-07-18T20:31:36.337" type="response" statusCode="202" statusText="Accepted" /><!-- duration: 2ms -->
</step><!-- duration: 1534ms -->
