<step title="Incoming Request" date="2025-07-18T20:47:21.060" instance="b2a08e" url="/api/zipdeploy?isAsync=true" method="POST" type="request" pid="827,1,55" Accept="*/*" Host="mos-retail-rag-app.scm.azurewebsites.net" User-Agent="AZURECLI/2.69.0 (MSI)" Accept-Encoding="gzip, deflate" Authorization="Bea..." Cache-Control="no-cache" Content-Type="application/octet-stream" Content-Length="5532338" x-ms-client-request-id="65127e96-6418-11f0-a206-c8154ea19f3b" x-ms-artifact-checksum="df99bd333aa05d7c774f85638df26f137933a634a3a5639a08dca94a14c34df5" X-ARR-LOG-ID="65127e96-6418-11f0-a206-c8154ea19f3b" CLIENT-IP="50.35.38.30:58876" X-SITE-DEPLOYMENT-ID="mos-retail-rag-app" WAS-DEFAULT-HOSTNAME="mos-retail-rag-app.scm.azurewebsites.net" X-Forwarded-Proto="https" X-AppService-Proto="https" X-Forwarded-TlsVersion="1.3" X-WAWS-Unencoded-URL="/api/zipdeploy?isAsync=true" X-Client-IP="50.35.38.30" X-Client-Port="58876" >
  <step title="Cleanup Xml Logs" date="2025-07-18T20:47:21.091" /><!-- duration: 10ms -->
  <step title="ZipPushDeploy" date="2025-07-18T20:47:21.151" >
    <step title="ZipDeploy. Extract zip." date="2025-07-18T20:47:21.174" /><!-- duration: 1ms -->
    <step title="Starting PushDeployAsync" date="2025-07-18T20:47:21.179" /><!-- duration: 2ms -->
    <step title="Writing artifact to /tmp/zipdeploy/9b25ec2a-3c7b-4634-8d77-e4b7f2a02236.zip" date="2025-07-18T20:47:21.200" >
      <step title="Writing multipart request body to /tmp/zipdeploy/9b25ec2a-3c7b-4634-8d77-e4b7f2a02236.zip" date="2025-07-18T20:47:21.249" /><!-- duration: 10ms -->
    </step><!-- duration: 203ms -->
    <step title="Start deployment in the background" date="2025-07-18T20:47:21.413" >
      <step title="Acquiring Deployment Lock" date="2025-07-18T20:47:21.446" /><!-- duration: 1ms -->
      <step title="Acquired Deployment Lock" date="2025-07-18T20:47:21.475" /><!-- duration: 4ms -->
    </step><!-- duration: 156ms -->
  </step><!-- duration: 423ms -->
  <step title="Outgoing response" date="2025-07-18T20:47:21.577" type="response" statusCode="202" statusText="Accepted" /><!-- duration: 1ms -->
</step><!-- duration: 518ms -->
