<step title="Incoming Request" date="2025-07-20T09:07:55.975" instance="b2a08e" url="/api/publish?type=zip" method="POST" type="request" pid="827,1,34" Accept="*/*" Host="mos-retail-rag-app.scm.azurewebsites.net" User-Agent="AZURECLI/2.69.0 (MSI)" Accept-Encoding="gzip, deflate" Authorization="Bea..." Cache-Control="no-cache" Content-Type="application/octet-stream" Content-Length="9095127" x-ms-client-request-id="03b01301-6549-11f0-b80c-c8154ea19f3b" x-ms-artifact-checksum="8f0f305c9e86bb631c07f00cb6ce8fed017e923a11008974275be641d989b9d4" X-ARR-LOG-ID="03b01301-6549-11f0-b80c-c8154ea19f3b" CLIENT-IP="50.35.38.30:64255" X-SITE-DEPLOYMENT-ID="mos-retail-rag-app" WAS-DEFAULT-HOSTNAME="mos-retail-rag-app.scm.azurewebsites.net" X-Forwarded-Proto="https" X-AppService-Proto="https" X-Forwarded-TlsVersion="1.3" X-WAWS-Unencoded-URL="/api/publish?type=zip" X-Client-IP="50.35.38.30" X-Client-Port="64255" >
  <step title="Cleanup Xml Logs" date="2025-07-20T09:07:56.024" /><!-- duration: 69ms -->
  <step title="OneDeploy" date="2025-07-20T09:07:56.138" >
    <step title="Starting PushDeployAsync" date="2025-07-20T09:07:56.152" /><!-- duration: 2ms -->
    <step title="Writing artifact to /tmp/zipdeploy/4f871996-ad46-4ca1-ad69-27987aad448c.zip" date="2025-07-20T09:07:56.164" >
      <step title="Writing multipart request body to /tmp/zipdeploy/4f871996-ad46-4ca1-ad69-27987aad448c.zip" date="2025-07-20T09:07:56.174" /><!-- duration: 2ms -->
    </step><!-- duration: 196ms -->
    <step title="Attempting to fetch target branch HEAD" date="2025-07-20T09:07:56.370" /><!-- duration: 2ms -->
    <step title="Acquiring Deployment Lock" date="2025-07-20T09:07:56.381" /><!-- duration: 3ms -->
    <step title="Acquired Deployment Lock" date="2025-07-20T09:07:56.404" /><!-- duration: 2ms -->
    <step title="Performing fetch based deployment" date="2025-07-20T09:07:56.410" >
      <step title="Creating temporary deployment" date="2025-07-20T09:07:56.418" /><!-- duration: 64ms -->
      <step title="Releasing Deployment Lock" date="2025-07-20T09:07:57.658" /><!-- duration: 8ms -->
      <step title="Cleaning up temp folders from previous zip deployments and extracting pushed zip file /tmp/zipdeploy/4f871996-ad46-4ca1-ad69-27987aad448c.zip (8.67 MB) to /tmp/zipdeploy/extracted" date="2025-07-20T09:07:57.687" >
        <step title="ChmodRecursive Process exited with total time taken in ms: 59" date="2025-07-20T09:07:58.918" /><!-- duration: 4ms -->
      </step><!-- duration: 1236ms -->
      <step title="None repository commit" date="2025-07-20T09:07:58.940" >
        <step title="Commit id: ffe2df81-1fbd-4296-9900-4361b797fbbf" date="2025-07-20T09:07:58.941" Message="OneDeploy" AuthorName="N/A" AuthorEmail="N/A" /><!-- duration: 6ms -->
      </step><!-- duration: 9ms -->
      <step title="Deployment timer started" date="2025-07-20T09:08:00.952" >
        <step title="DeploymentManager.Deploy(id:ffe2df81-1fbd-4296-9900-4361b797fbbf)" date="2025-07-20T09:08:00.955" >
          <step title="Collecting changeset information" date="2025-07-20T09:08:00.973" /><!-- duration: 89ms -->
          <step title="Updating submodules" date="2025-07-20T09:08:01.066" /><!-- duration: 1207ms -->
          <step title="Determining deployment builder" date="2025-07-20T09:08:02.738" >
            <step title="Builder is OneDeployBuilder" date="2025-07-20T09:08:02.798" /><!-- duration: 1ms -->
          </step><!-- duration: 70ms -->
          <step title="PreDeployment: context.CleanOutputPath False" date="2025-07-20T09:08:02.900" >
            <step title="PreDeployment: context.OutputPath /home/site/wwwroot" date="2025-07-20T09:08:03.140" >
              <step title="Building" date="2025-07-20T09:08:03.360" >
                <step title="Executing external process" date="2025-07-20T09:08:04.134" type="process" path="starter.sh" arguments="/opt/Kudu/Scripts/parallel_rsync.sh /tmp/zipdeploy/extracted /home/site/wwwroot 8 /tmp/ False False  " /><!-- duration: 4279ms -->
                <step title="Modified file to trigger a restart of the app container." date="2025-07-20T09:08:08.883" /><!-- duration: 2ms -->
                <step title="Skip function trigger and logicapp sync because function is not enabled." date="2025-07-20T09:08:08.891" /><!-- duration: 2ms -->
                <step title="Purge deployment items" date="2025-07-20T09:08:10.025" >
                  <step title="Remove 84619870-, Success, received at 07/19/2025 02:55:35" date="2025-07-20T09:08:10.152" /><!-- duration: 2ms -->
                </step><!-- duration: 130ms -->
              </step><!-- duration: 6850ms -->
            </step><!-- duration: 7077ms -->
            <step title="Cleaning up temp files" date="2025-07-20T09:08:10.218" /><!-- duration: 12ms -->
            <step title="Cleaning up temp files" date="2025-07-20T09:08:10.231" /><!-- duration: 502ms -->
            <step title="Reloading status file with latest updates" date="2025-07-20T09:08:10.765" >
              <step title="WebHooksManager.PublishEventAsync: PostDeployment" date="2025-07-20T09:08:10.771" /><!-- duration: 54ms -->
            </step><!-- duration: 62ms -->
            <step title="Cleaning up temporary deployment - fetch deployment was successful" date="2025-07-20T09:08:10.843" /><!-- duration: 9ms -->
          </step><!-- duration: 8057ms -->
        </step><!-- duration: 10005ms -->
        <step title="Outgoing response" date="2025-07-20T09:08:10.964" type="response" statusCode="200" statusText="OK" /><!-- duration: 2ms -->
      </step><!-- duration: 10015ms -->
