<step title="Incoming Request" date="2025-07-18T19:09:12.556" instance="b2a08e" url="/api/zipdeploy?isAsync=true" method="POST" type="request" pid="827,1,95" Accept="*/*" Host="mos-retail-rag-app.scm.azurewebsites.net" User-Agent="AZURECLI/2.69.0 (MSI)" Accept-Encoding="gzip, deflate" Authorization="Bea..." Cache-Control="no-cache" Content-Type="application/octet-stream" Content-Length="7288757" x-ms-client-request-id="acefda11-640a-11f0-898a-c8154ea19f3b" x-ms-artifact-checksum="27e051353d056953cf65970686af04a318314ce16068f2eec0d41d9477abf07d" X-ARR-LOG-ID="acefda11-640a-11f0-898a-c8154ea19f3b" CLIENT-IP="50.35.38.30:52687" X-SITE-DEPLOYMENT-ID="mos-retail-rag-app" WAS-DEFAULT-HOSTNAME="mos-retail-rag-app.scm.azurewebsites.net" X-Forwarded-Proto="https" X-AppService-Proto="https" X-Forwarded-TlsVersion="1.3" X-WAWS-Unencoded-URL="/api/zipdeploy?isAsync=true" X-Client-IP="50.35.38.30" X-Client-Port="52687" >
  <step title="Cleanup Xml Logs" date="2025-07-18T19:09:12.594" /><!-- duration: 109ms -->
  <step title="ZipPushDeploy" date="2025-07-18T19:09:13.360" >
    <step title="ZipDeploy. Extract zip." date="2025-07-18T19:09:13.377" /><!-- duration: 1ms -->
    <step title="None repository commit" date="2025-07-18T19:09:13.408" >
      <step title="Commit id: 5f9ace41-4aec-4d4c-a350-a2b54dc277c7" date="2025-07-18T19:09:13.410" Message="N/A" AuthorName="N/A" AuthorEmail="N/A" /><!-- duration: 2ms -->
    </step><!-- duration: 6ms -->
    <step title="Starting PushDeployAsync" date="2025-07-18T19:09:13.417" /><!-- duration: 1ms -->
    <step title="Writing artifact to /tmp/zipdeploy/df317d14-b5e5-4cbc-bc65-7daec653dcda.zip" date="2025-07-18T19:09:13.507" >
      <step title="Writing multipart request body to /tmp/zipdeploy/df317d14-b5e5-4cbc-bc65-7daec653dcda.zip" date="2025-07-18T19:09:13.529" /><!-- duration: 2ms -->
    </step><!-- duration: 407ms -->
    <step title="Start deployment in the background" date="2025-07-18T19:09:13.926" >
      <step title="Acquiring Deployment Lock" date="2025-07-18T19:09:13.954" /><!-- duration: 17ms -->
      <step title="Acquired Deployment Lock" date="2025-07-18T19:09:14.089" /><!-- duration: 2ms -->
    </step><!-- duration: 388ms -->
  </step><!-- duration: 967ms -->
  <step title="Outgoing response" date="2025-07-18T19:09:14.339" type="response" statusCode="202" statusText="Accepted" /><!-- duration: 7ms -->
</step><!-- duration: 1791ms -->
