<step title="Incoming Request" date="2025-07-20T06:57:46.533" instance="b2a08e" url="/api/publish?type=zip" method="POST" type="request" pid="827,1,38" Accept="*/*" Host="mos-retail-rag-app.scm.azurewebsites.net" User-Agent="AZURECLI/2.69.0 (MSI)" Accept-Encoding="gzip, deflate" Authorization="Bea..." Cache-Control="no-cache" Content-Type="application/octet-stream" Content-Length="19819583" x-ms-client-request-id="d5cd9bad-6536-11f0-965c-c8154ea19f3b" x-ms-artifact-checksum="38e06bdcda59aa0de4516c64f659dcf241a86c8de98c2a27cf151311740a927d" X-ARR-LOG-ID="d5cd9bad-6536-11f0-965c-c8154ea19f3b" CLIENT-IP="50.35.38.30:57557" X-SITE-DEPLOYMENT-ID="mos-retail-rag-app" WAS-DEFAULT-HOSTNAME="mos-retail-rag-app.scm.azurewebsites.net" X-Forwarded-Proto="https" X-AppService-Proto="https" X-Forwarded-TlsVersion="1.3" X-WAWS-Unencoded-URL="/api/publish?type=zip" X-Client-IP="50.35.38.30" X-Client-Port="57557" >
  <step title="Cleanup Xml Logs" date="2025-07-20T06:57:46.559" /><!-- duration: 13ms -->
  <step title="OneDeploy" date="2025-07-20T06:57:46.855" >
    <step title="Starting PushDeployAsync" date="2025-07-20T06:57:46.884" /><!-- duration: 8ms -->
    <step title="Writing artifact to /tmp/zipdeploy/4c67f0b6-bd26-44a1-a6bb-42449764de34.zip" date="2025-07-20T06:57:46.935" >
      <step title="Writing multipart request body to /tmp/zipdeploy/4c67f0b6-bd26-44a1-a6bb-42449764de34.zip" date="2025-07-20T06:57:46.944" /><!-- duration: 2ms -->
    </step><!-- duration: 626ms -->
    <step title="Attempting to fetch target branch HEAD" date="2025-07-20T06:57:47.612" /><!-- duration: 22ms -->
    <step title="Acquiring Deployment Lock" date="2025-07-20T06:57:47.643" /><!-- duration: 1ms -->
    <step title="Acquired Deployment Lock" date="2025-07-20T06:57:47.788" /><!-- duration: 2ms -->
    <step title="Performing fetch based deployment" date="2025-07-20T06:57:47.800" >
      <step title="Creating temporary deployment" date="2025-07-20T06:57:47.812" /><!-- duration: 129ms -->
      <step title="Releasing Deployment Lock" date="2025-07-20T06:57:49.128" /><!-- duration: 6ms -->
      <step title="Cleaning up temp folders from previous zip deployments and extracting pushed zip file /tmp/zipdeploy/4c67f0b6-bd26-44a1-a6bb-42449764de34.zip (18.90 MB) to /tmp/zipdeploy/extracted" date="2025-07-20T06:57:49.152" >
        <step title="ChmodRecursive Process exited with total time taken in ms: 186" date="2025-07-20T06:57:52.648" /><!-- duration: 4ms -->
      </step><!-- duration: 3516ms -->
      <step title="None repository commit" date="2025-07-20T06:57:52.684" >
        <step title="Commit id: 0c342422-ebb1-4fb2-94c1-5df5b096c801" date="2025-07-20T06:57:52.688" Message="OneDeploy" AuthorName="N/A" AuthorEmail="N/A" /><!-- duration: 2ms -->
      </step><!-- duration: 15ms -->
      <step title="Deployment timer started" date="2025-07-20T06:57:54.715" >
        <step title="DeploymentManager.Deploy(id:0c342422-ebb1-4fb2-94c1-5df5b096c801)" date="2025-07-20T06:57:54.720" >
          <step title="Collecting changeset information" date="2025-07-20T06:57:54.749" /><!-- duration: 107ms -->
          <step title="Updating submodules" date="2025-07-20T06:57:54.857" /><!-- duration: 1141ms -->
          <step title="Determining deployment builder" date="2025-07-20T06:57:56.234" >
            <step title="Builder is OneDeployBuilder" date="2025-07-20T06:57:56.260" /><!-- duration: 2ms -->
          </step><!-- duration: 33ms -->
          <step title="PreDeployment: context.CleanOutputPath False" date="2025-07-20T06:57:56.341" >
            <step title="PreDeployment: context.OutputPath /home/site/wwwroot" date="2025-07-20T06:57:56.494" >
              <step title="Building" date="2025-07-20T06:57:56.601" >
                <step title="Executing external process" date="2025-07-20T06:57:57.050" type="process" path="starter.sh" arguments="/opt/Kudu/Scripts/parallel_rsync.sh /tmp/zipdeploy/extracted /home/site/wwwroot 8 /tmp/ False False  " >
                  <step title="Process dump" date="2025-07-20T06:58:19.942" exitCode="123" type="processOutput" /><!-- duration: 11ms -->
                </step><!-- duration: 22914ms -->
                <step title="Error occurred" date="2025-07-20T06:58:20.055" type="error" text="rsync: [receiver] open &quot;/home/site/wwwroot/publish\publish\appsettings.json&quot; failed: Invalid argument (22)
rsync: [receiver] open &quot;/home/site/wwwroot/publish\publish\publish\publish\publish\appsettings.json&quot; failed: Invalid argument (22)
rsync: [receiver] open &quot;/home/site/wwwroot/publish\publish\publish\publish\publish\publish\publish\publish\appsettings.Development.json&quot; failed: Invalid argument (22)
rsync: [receiver] open &quot;/home/site/wwwroot/publish\publish\publish\publish\publish\publish\publish\publish\create_agent_request.json&quot; failed: Invalid argument (22)
rsync: [receiver] open &quot;/home/site/wwwroot/publish\publish\publish\publish\publish\publish\publish\publish\publish\appsettings.json&quot; failed: Invalid argument (22)
rsync: [receiver] open &quot;/home/site/wwwroot/publish\publish\publish\publish\publish\publish\publish\publish\retail-rag-web-app.deps.json&quot; failed: Invalid argument (22)
rsync: [receiver] open &quot;/home/site/wwwroot/publish\publish\publish\publish\publish\publish\publish\retail-rag-web-app.runtimeconfig.json&quot; failed: Invalid argument (22)
rsync: [receiver] open &quot;/home/site/wwwroot/publish\publish\publish\publish\publish\publish\publish\web.config&quot; failed: Invalid argument (22)
rsync: [receiver] open &quot;/home/site/wwwroot/publish\publish\publish\publish\publish\publish\retail-rag-web-app.deps.json&quot; failed: Invalid argument (22)
rsync: [receiver] open &quot;/home/site/wwwroot/publish\publish\publish\publish\publish\retail-rag-web-app.deps.json&quot; failed: Invalid argument (22)
rsync: [receiver] open &quot;/home/site/wwwroot/publish\publish\retail-rag-web-app.runtimeconfig.json&quot; failed: Invalid argument (22)
rsync: [receiver] open &quot;/home/site/wwwroot/publish\retail-rag-web-app.deps.json&quot; failed: Invalid argument (22)
rsync error: some files/attrs were not transferred (see previous errors) (code 23) at main.c(1338) [sender=3.2.7]
rsync: [receiver] open &quot;/home/site/wwwroot/publish\publish\publish\create_agent_request.json&quot; failed: Invalid argument (22)
rsync: [receiver] open &quot;/home/site/wwwroot/publish\publish\publish\publish\publish\publish\publish\publish\AdventureWorks_Products_10000_with_embedding.json&quot; failed: Invalid argument (22)
rsync: [receiver] open &quot;/home/site/wwwroot/publish\publish\appsettings.json&quot; failed: Invalid argument (22)
rsync: [receiver] open &quot;/home/site/wwwroot/publish\publish\publish\publish\publish\appsettings.json&quot; failed: Invalid argument (22)
rsync: [receiver] open &quot;/home/site/wwwroot/publish\publish\publish\publish\publish\publish\publish\publish\appsettings.Development.json&quot; failed: Invalid argument (22)
rsync: [receiver] open &quot;/home/site/wwwroot/publish\publish\publish\publish\publish\publish\publish\publish\create_agent_request.json&quot; failed: Invalid argument (22)
rsync: [receiver] open &quot;/home/site/wwwroot/publish\publish\publish\publish\publish\publish\publish\publish\publish\appsettings.json&quot; failed: Invalid argument (22)
rsync: [receiver] open &quot;/home/site/wwwroot/publish\publish\publish\publish\publish\publish\publish\publish\retail-rag-web-app.deps.json&quot; failed: Invalid argument (22)
rsync: [receiver] open &quot;/home/site/wwwroot/publish\publish\publish\publish\publish\publish\publish\retail-rag-web-app.runtimeconfig.json&quot; failed: Invalid argument (22)
rsync: [receiver] open &quot;/home/site/wwwroot/publish\publish\publish\publish\publish\publish\publish\web.config&quot; failed: Invalid argument (22)
rsync: [receiver] open &quot;/home/site/wwwroot/publish\publish\publish\publish\publish\publish\retail-rag-web-app.deps.json&quot; failed: Invalid argument (22)
rsync: [receiver] open &quot;/home/site/wwwroot/publish\publish\publish\publish\publish\retail-rag-web-app.deps.json&quot; failed: Invalid argument (22)
rsync: [receiver] open &quot;/home/site/wwwroot/publish\publish\retail-rag-web-app.runtimeconfig.json&quot; failed: Invalid argument (22)
rsync: [receiver] open &quot;/home/site/wwwroot/publish\retail-rag-web-app.deps.json&quot; failed: Invalid argument (22)
rsync error: some files/attrs were not transferred (see previous errors) (code 23) at main.c(1338) [sender=3.2.7]
rsync: [receiver] open &quot;/home/site/wwwroot/publish\publish\AdventureWorks_Products_10000_with_embedding.json&quot; failed: Invalid argument (22)
rsync: [receiver] open &quot;/home/site/wwwroot/publish\create_agent_request.json&quot; failed: Invalid argument (22)
rsync: [receiver] open &quot;/home/site/wwwroot/publish\publish\appsettings.Development.json&quot; failed: Invalid argument (22)
rsync: [receiver] open &quot;/home/site/wwwroot/publish\publish\publish\publish\appsettings.Development.json&quot; failed: Invalid argument (22)
rsync: [receiver] open &quot;/home/site/wwwroot/publish\publish\publish\publish\publish\publish\publish\publish\publish\AdventureWorks_Products_10000_with_embedding.json&quot; failed: Invalid argument (22)
rsync: [receiver] open &quot;/home/site/wwwroot/publish\publish\publish\publish\appsettings.json&quot; failed: Invalid argument (22)
rsync: [receiver] open &quot;/home/site/wwwroot/publish\publish\publish\publish\publish\create_agent_request.json&quot; failed: Invalid argument (22)
rsync: [receiver] open &quot;/home/site/wwwroot/publish\publish\publish\publish\publish\publish\AdventureWorks_Products_10000_with_embedding.json&quot; failed: Invalid argument (22)
rsync: [receiver] open &quot;/home/site/wwwroot/publish\appsettings.json&quot; failed: Invalid argument (22)
rsync: [receiver] open &quot;/home/site/wwwroot/publish\publish\publish\publish\AdventureWorks_Products_10000_with_embedding.json&quot; failed: Invalid argument (22)
rsync: [receiver] open &quot;/home/site/wwwroot/publish\publish\create_agent_request.json&quot; failed: Invalid argument (22)
rsync: [receiver] open &quot;/home/site/wwwroot/publish\publish\publish\appsettings.json&quot; failed: Invalid argument (22)
rsync: [receiver] open &quot;/home/site/wwwroot/publish\publish\publish\publish\publish\AdventureWorks_Products_10000_with_embedding.json&quot; failed: Invalid argument (22)
rsync: [receiver] open &quot;/home/site/wwwroot/publish\AdventureWorks_Products_10000_with_embedding.json&quot; failed: Invalid argument (22)
rsync: [receiver] open &quot;/home/site/wwwroot/publish\publish\publish\publish\publish\publish\publish\publish\publish\appsettings.Development.json&quot; failed: Invalid argument (22)
rsync: [receiver] open &quot;/home/site/wwwroot/publish\publish\publish\publish\publish\publish\publish\publish\retail-rag-web-app.runtimeconfig.json&quot; failed: Invalid argument (22)
rsync: [receiver] open &quot;/home/site/wwwroot/publish\publish\publish\publish\publish\publish\publish\retail-rag-web-app.deps.json&quot; failed: Invalid argument (22)
rsync: [receiver] open &quot;/home/site/wwwroot/publish\publish\publish\publish\publish\publish\web.config&quot; failed: Invalid argument (22)
rsync: [receiver] open &quot;/home/site/wwwroot/publish\retail-rag-web-app.runtimeconfig.json&quot; failed: Invalid argument (22)
rsync: [receiver] open &quot;/home/site/wwwroot/publish\retail-rag-web-app.staticwebassets.endpoints.json&quot; failed: Invalid argument (22)
rsync: [receiver] open &quot;/home/site/wwwroot/publish\publish\publish\publish\publish\publish\publish\publish\publish\retail-rag-web-app.deps.json&quot; failed: Invalid argument (22)
rsync: [receiver] open &quot;/home/site/wwwroot/publish\publish\publish\publish\retail-rag-web-app.deps.json&quot; failed: Invalid argument (22)
rsync: [receiver] open &quot;/home/site/wwwroot/wwwroot\debug.html&quot; failed: Invalid argument (22)
rsync error: some files/attrs were not transferred (see previous errors) (code 23) at main.c(1338) [sender=3.2.7]
rsync error: some files/attrs were not transferred (see previous errors) (code 23) at main.c(1338) [sender=3.2.7]
rsync: [receiver] open &quot;/home/site/wwwroot/publish\publish\publish\create_agent_request.json&quot; failed: Invalid argument (22)
rsync: [receiver] open &quot;/home/site/wwwroot/publish\publish\publish\publish\publish\publish\publish\publish\AdventureWorks_Products_10000_with_embedding.json&quot; failed: Invalid argument (22)
rsync: [receiver] open &quot;/home/site/wwwroot/publish\create_agent_request.json&quot; failed: Invalid argument (22)
rsync: [receiver] open &quot;/home/site/wwwroot/publish\publish\appsettings.Development.json&quot; failed: Invalid argument (22)
rsync: [receiver] open &quot;/home/site/wwwroot/publish\publish\publish\publish\appsettings.Development.json&quot; failed: Invalid argument (22)
rsync: [receiver] open &quot;/home/site/wwwroot/publish\publish\publish\publish\publish\publish\publish\publish\publish\AdventureWorks_Products_10000_with_embedding.json&quot; failed: Invalid argument (22)
rsync: [receiver] open &quot;/home/site/wwwroot/publish\publish\publish\publish\publish\publish\appsettings.json&quot; failed: Invalid argument (22)
rsync: [receiver] open &quot;/home/site/wwwroot/publish\publish\publish\publish\publish\publish\publish\AdventureWorks_Products_10000_with_embedding.json&quot; failed: Invalid argument (22)
rsync: [receiver] open &quot;/home/site/wwwroot/publish\publish\publish\publish\create_agent_request.json&quot; failed: Invalid argument (22)
rsync: [receiver] open &quot;/home/site/wwwroot/publish\publish\publish\publish\publish\appsettings.Development.json&quot; failed: Invalid argument (22)
rsync: [receiver] open &quot;/home/site/wwwroot/publish\publish\publish\publish\publish\publish\publish\publish\appsettings.json&quot; failed: Invalid argument (22)
rsync: [receiver] open &quot;/home/site/wwwroot/publish\publish\publish\publish\publish\publish\publish\publish\publish\create_agent_request.json&quot; failed: Invalid argument (22)
rsync: [receiver] open &quot;/home/site/wwwroot/publish\publish\publish\publish\publish\publish\publish\publish\publish\retail-rag-web-app.staticwebassets.endpoints.json&quot; failed: Invalid argument (22)
rsync: [receiver] open &quot;/home/site/wwwroot/publish\publish\publish\publish\publish\retail-rag-web-app.runtimeconfig.json&quot; failed: Invalid argument (22)
rsync: [receiver] open &quot;/home/site/wwwroot/publish\publish\publish\publish\publish\web.config&quot; failed: Invalid argument (22)
rsync: [receiver] open &quot;/home/site/wwwroot/publish\publish\publish\publish\web.config&quot; failed: Invalid argument (22)
rsync: [receiver] open &quot;/home/site/wwwroot/wwwroot\css\site.css&quot; failed: Invalid argument (22)
rsync: [receiver] open &quot;/home/site/wwwroot/publish\publish\publish\publish\publish\publish\appsettings.Development.json&quot; failed: Invalid argument (22)
rsync: [receiver] open &quot;/home/site/wwwroot/publish\publish\publish\publish\publish\publish\publish\publish\publish\retail-rag-web-app.runtimeconfig.json&quot; failed: Invalid argument (22)
rsync: [receiver] open &quot;/home/site/wwwroot/publish\publish\publish\publish\publish\publish\publish\publish\retail-rag-web-app.staticwebassets.endpoints.json&quot; failed: Invalid argument (22)
rsync: [receiver] open &quot;/home/site/wwwroot/publish\publish\publish\publish\publish\publish\publish\retail-rag-web-app.staticwebassets.endpoints.json&quot; failed: Invalid argument (22)
rsync: [receiver] open &quot;/home/site/wwwroot/publish\publish\publish\publish\publish\publish\retail-rag-web-app.staticwebassets.endpoints.json&quot; failed: Invalid argument (22)
rsync: [receiver] open &quot;/home/site/wwwroot/publish\publish\publish\retail-rag-web-app.deps.json&quot; failed: Invalid argument (22)
rsync: [receiver] open &quot;/home/site/wwwroot/publish\publish\publish\retail-rag-web-app.runtimeconfig.json&quot; failed: Invalid argument (22)
rsync: [receiver] open &quot;/home/site/wwwroot/publish\publish\publish\web.config&quot; failed: Invalid argument (22)
rsync: [receiver] open &quot;/home/site/wwwroot/publish\publish\retail-rag-web-app.deps.json&quot; failed: Invalid argument (22)
rsync: [receiver] open &quot;/home/site/wwwroot/publish\publish\skillset.json&quot; failed: Invalid argument (22)
rsync error: some files/attrs were not transferred (see previous errors) (code 23) at main.c(1338) [sender=3.2.7]
rsync error: some files/attrs were not transferred (see previous errors) (code 23) at main.c(1338) [sender=3.2.7]
rsync: [receiver] open &quot;/home/site/wwwroot/publish\publish\publish\publish\publish\publish\publish\appsettings.json&quot; failed: Invalid argument (22)
rsync: [receiver] open &quot;/home/site/wwwroot/publish\publish\publish\publish\publish\publish\publish\create_agent_request.json&quot; failed: Invalid argument (22)
rsync: [receiver] open &quot;/home/site/wwwroot/publish\publish\publish\publish\publish\publish\publish\publish\publish\web.config&quot; failed: Invalid argument (22)
rsync: [receiver] open &quot;/home/site/wwwroot/publish\publish\publish\publish\publish\publish\publish\publish\web.config&quot; failed: Invalid argument (22)
rsync: [receiver] open &quot;/home/site/wwwroot/publish\publish\publish\publish\publish\publish\retail-rag-web-app.runtimeconfig.json&quot; failed: Invalid argument (22)
rsync: [receiver] open &quot;/home/site/wwwroot/publish\publish\publish\publish\publish\retail-rag-web-app.staticwebassets.endpoints.json&quot; failed: Invalid argument (22)
rsync: [receiver] open &quot;/home/site/wwwroot/publish\publish\publish\publish\retail-rag-web-app.runtimeconfig.json&quot; failed: Invalid argument (22)
rsync: [receiver] open &quot;/home/site/wwwroot/publish\skillset.json&quot; failed: Invalid argument (22)
rsync: [receiver] open &quot;/home/site/wwwroot/wwwroot\test-agentic.html&quot; failed: Invalid argument (22)
rsync error: some files/attrs were not transferred (see previous errors) (code 23) at main.c(1338) [sender=3.2.7]
rsync: [receiver] open &quot;/home/site/wwwroot/publish\publish\AdventureWorks_Products_10000_with_embedding.json&quot; failed: Invalid argument (22)
rsync: [receiver] open &quot;/home/site/wwwroot/publish\appsettings.json&quot; failed: Invalid argument (22)
rsync: [receiver] open &quot;/home/site/wwwroot/publish\publish\publish\publish\AdventureWorks_Products_10000_with_embedding.json&quot; failed: Invalid argument (22)
rsync: [receiver] open &quot;/home/site/wwwroot/publish\appsettings.Development.json&quot; failed: Invalid argument (22)
rsync: [receiver] open &quot;/home/site/wwwroot/publish\publish\publish\AdventureWorks_Products_10000_with_embedding.json&quot; failed: Invalid argument (22)
rsync: [receiver] open &quot;/home/site/wwwroot/publish\publish\create_agent_request.json&quot; failed: Invalid argument (22)
rsync: [receiver] open &quot;/home/site/wwwroot/publish\publish\publish\appsettings.json&quot; failed: Invalid argument (22)
rsync: [receiver] open &quot;/home/site/wwwroot/publish\publish\publish\publish\publish\AdventureWorks_Products_10000_with_embedding.json&quot; failed: Invalid argument (22)
rsync: [receiver] open &quot;/home/site/wwwroot/publish\publish\publish\publish\publish\publish\publish\publish\publish\retail-rag-web-app.deps.json&quot; failed: Invalid argument (22)
rsync: [receiver] open &quot;/home/site/wwwroot/publish\publish\publish\publish\retail-rag-web-app.deps.json&quot; failed: Invalid argument (22)
rsync: [receiver] open &quot;/home/site/wwwroot/wwwroot\debug.html&quot; failed: Invalid argument (22)
rsync error: some files/attrs were not transferred (see previous errors) (code 23) at main.c(1338) [sender=3.2.7]
rsync: [receiver] open &quot;/home/site/wwwroot/publish\publish\publish\publish\publish\publish\publish\publish\publish\appsettings.Development.json&quot; failed: Invalid argument (22)
rsync: [receiver] open &quot;/home/site/wwwroot/publish\publish\publish\publish\publish\publish\publish\publish\retail-rag-web-app.runtimeconfig.json&quot; failed: Invalid argument (22)
rsync: [receiver] open &quot;/home/site/wwwroot/publish\publish\publish\publish\publish\publish\publish\retail-rag-web-app.deps.json&quot; failed: Invalid argument (22)
rsync: [receiver] open &quot;/home/site/wwwroot/publish\publish\publish\publish\publish\publish\web.config&quot; failed: Invalid argument (22)
rsync: [receiver] open &quot;/home/site/wwwroot/publish\retail-rag-web-app.runtimeconfig.json&quot; failed: Invalid argument (22)
rsync: [receiver] open &quot;/home/site/wwwroot/publish\retail-rag-web-app.staticwebassets.endpoints.json&quot; failed: Invalid argument (22)
rsync: [receiver] open &quot;/home/site/wwwroot/publish\publish\publish\publish\create_agent_request.json&quot; failed: Invalid argument (22)
rsync: [receiver] open &quot;/home/site/wwwroot/publish\publish\publish\publish\publish\appsettings.Development.json&quot; failed: Invalid argument (22)
rsync: [receiver] open &quot;/home/site/wwwroot/publish\publish\publish\publish\publish\publish\publish\publish\appsettings.json&quot; failed: Invalid argument (22)
rsync: [receiver] open &quot;/home/site/wwwroot/publish\publish\publish\publish\publish\publish\publish\publish\publish\create_agent_request.json&quot; failed: Invalid argument (22)
rsync: [receiver] open &quot;/home/site/wwwroot/publish\publish\publish\publish\publish\publish\publish\publish\publish\retail-rag-web-app.staticwebassets.endpoints.json&quot; failed: Invalid argument (22)
rsync: [receiver] open &quot;/home/site/wwwroot/publish\publish\publish\publish\publish\retail-rag-web-app.runtimeconfig.json&quot; failed: Invalid argument (22)
rsync: [receiver] open &quot;/home/site/wwwroot/publish\publish\publish\publish\publish\web.config&quot; failed: Invalid argument (22)
rsync: [receiver] open &quot;/home/site/wwwroot/publish\publish\publish\publish\web.config&quot; failed: Invalid argument (22)
rsync: [receiver] open &quot;/home/site/wwwroot/wwwroot\css\site.css&quot; failed: Invalid argument (22)
rsync: [receiver] open &quot;/home/site/wwwroot/publish\publish\publish\publish\publish\publish\publish\appsettings.json&quot; failed: Invalid argument (22)
rsync: [receiver] open &quot;/home/site/wwwroot/publish\publish\publish\publish\publish\publish\publish\create_agent_request.json&quot; failed: Invalid argument (22)
rsync: [receiver] open &quot;/home/site/wwwroot/publish\publish\publish\publish\publish\publish\publish\publish\publish\web.config&quot; failed: Invalid argument (22)
rsync: [receiver] open &quot;/home/site/wwwroot/publish\publish\publish\publish\publish\publish\publish\publish\web.config&quot; failed: Invalid argument (22)
rsync: [receiver] open &quot;/home/site/wwwroot/publish\publish\publish\publish\publish\publish\retail-rag-web-app.runtimeconfig.json&quot; failed: Invalid argument (22)
rsync: [receiver] open &quot;/home/site/wwwroot/publish\publish\publish\publish\publish\retail-rag-web-app.staticwebassets.endpoints.json&quot; failed: Invalid argument (22)
rsync: [receiver] open &quot;/home/site/wwwroot/publish\publish\publish\publish\retail-rag-web-app.runtimeconfig.json&quot; failed: Invalid argument (22)
rsync: [receiver] open &quot;/home/site/wwwroot/publish\skillset.json&quot; failed: Invalid argument (22)
rsync: [receiver] open &quot;/home/site/wwwroot/wwwroot\test-agentic.html&quot; failed: Invalid argument (22)
rsync error: some files/attrs were not transferred (see previous errors) (code 23) at main.c(1338) [sender=3.2.7]
rsync error: some files/attrs were not transferred (see previous errors) (code 23) at main.c(1338) [sender=3.2.7]
rsync error: some files/attrs were not transferred (see previous errors) (code 23) at main.c(1338) [sender=3.2.7]
rsync: [receiver] open &quot;/home/site/wwwroot/publish\publish\publish\publish\publish\publish\appsettings.Development.json&quot; failed: Invalid argument (22)
rsync: [receiver] open &quot;/home/site/wwwroot/publish\publish\publish\publish\publish\publish\publish\publish\publish\retail-rag-web-app.runtimeconfig.json&quot; failed: Invalid argument (22)
rsync: [receiver] open &quot;/home/site/wwwroot/publish\publish\publish\publish\publish\publish\publish\publish\retail-rag-web-app.staticwebassets.endpoints.json&quot; failed: Invalid argument (22)
rsync: [receiver] open &quot;/home/site/wwwroot/publish\publish\publish\publish\publish\publish\publish\retail-rag-web-app.staticwebassets.endpoints.json&quot; failed: Invalid argument (22)
rsync: [receiver] open &quot;/home/site/wwwroot/publish\publish\publish\publish\publish\publish\retail-rag-web-app.staticwebassets.endpoints.json&quot; failed: Invalid argument (22)
rsync: [receiver] open &quot;/home/site/wwwroot/publish\publish\publish\retail-rag-web-app.deps.json&quot; failed: Invalid argument (22)
rsync: [receiver] open &quot;/home/site/wwwroot/publish\publish\publish\retail-rag-web-app.runtimeconfig.json&quot; failed: Invalid argument (22)
rsync: [receiver] open &quot;/home/site/wwwroot/publish\publish\publish\web.config&quot; failed: Invalid argument (22)
rsync: [receiver] open &quot;/home/site/wwwroot/publish\publish\retail-rag-web-app.deps.json&quot; failed: Invalid argument (22)
rsync: [receiver] open &quot;/home/site/wwwroot/publish\publish\skillset.json&quot; failed: Invalid argument (22)
rsync: [receiver] open &quot;/home/site/wwwroot/publish\publish\publish\publish\publish\publish\publish\appsettings.Development.json&quot; failed: Invalid argument (22)
rsync: [receiver] open &quot;/home/site/wwwroot/publish\publish\publish\publish\retail-rag-web-app.staticwebassets.endpoints.json&quot; failed: Invalid argument (22)
rsync: [receiver] open &quot;/home/site/wwwroot/publish\web.config&quot; failed: Invalid argument (22)
rsync error: some files/attrs were not transferred (see previous errors) (code 23) at main.c(1338) [sender=3.2.7]
rsync: [receiver] open &quot;/home/site/wwwroot/wwwroot\js\site.js&quot; failed: Invalid argument (22)
rsync error: some files/attrs were not transferred (see previous errors) (code 23) at main.c(1338) [sender=3.2.7]
rsync: [receiver] open &quot;/home/site/wwwroot/publish\publish\publish\appsettings.Development.json&quot; failed: Invalid argument (22)
rsync: [receiver] open &quot;/home/site/wwwroot/publish\publish\publish\publish\publish\publish\create_agent_request.json&quot; failed: Invalid argument (22)
rsync: [receiver] open &quot;/home/site/wwwroot/publish\publish\publish\retail-rag-web-app.staticwebassets.endpoints.json&quot; failed: Invalid argument (22)
rsync: [receiver] open &quot;/home/site/wwwroot/publish\publish\web.config&quot; failed: Invalid argument (22)
rsync: [receiver] open &quot;/home/site/wwwroot/publish\publish\publish\publish\appsettings.json&quot; failed: Invalid argument (22)
rsync: [receiver] open &quot;/home/site/wwwroot/publish\publish\publish\publish\publish\create_agent_request.json&quot; failed: Invalid argument (22)
rsync: [receiver] open &quot;/home/site/wwwroot/publish\publish\publish\publish\publish\publish\AdventureWorks_Products_10000_with_embedding.json&quot; failed: Invalid argument (22)
rsync: [receiver] open &quot;/home/site/wwwroot/runtimes\win\lib\netstandard2.0\System.Security.Cryptography.ProtectedData.dll&quot; failed: Invalid argument (22)
rsync error: some files/attrs were not transferred (see previous errors) (code 23) at main.c(1338) [sender=3.2.7]
rsync: [receiver] open &quot;/home/site/wwwroot/publish\AdventureWorks_Products_10000_with_embedding.json&quot; failed: Invalid argument (22)
rsync: [receiver] open &quot;/home/site/wwwroot/publish\publish\publish\publish\publish\publish\appsettings.json&quot; failed: Invalid argument (22)
rsync: [receiver] open &quot;/home/site/wwwroot/publish\publish\publish\publish\publish\publish\publish\AdventureWorks_Products_10000_with_embedding.json&quot; failed: Invalid argument (22)
rsync: [receiver] open &quot;/home/site/wwwroot/publish\appsettings.Development.json&quot; failed: Invalid argument (22)
rsync: [receiver] open &quot;/home/site/wwwroot/publish\publish\publish\AdventureWorks_Products_10000_with_embedding.json&quot; failed: Invalid argument (22)
rsync: [receiver] open &quot;/home/site/wwwroot/publish\publish\publish\publish\publish\publish\publish\appsettings.Development.json&quot; failed: Invalid argument (22)
rsync: [receiver] open &quot;/home/site/wwwroot/publish\publish\publish\publish\retail-rag-web-app.staticwebassets.endpoints.json&quot; failed: Invalid argument (22)
rsync: [receiver] open &quot;/home/site/wwwroot/publish\web.config&quot; failed: Invalid argument (22)
rsync: [receiver] open &quot;/home/site/wwwroot/wwwroot\js\site.js&quot; failed: Invalid argument (22)
rsync error: some files/attrs were not transferred (see previous errors) (code 23) at main.c(1338) [sender=3.2.7]
rsync: [receiver] open &quot;/home/site/wwwroot/publish\publish\publish\appsettings.Development.json&quot; failed: Invalid argument (22)
rsync: [receiver] open &quot;/home/site/wwwroot/publish\publish\publish\publish\publish\publish\create_agent_request.json&quot; failed: Invalid argument (22)
rsync: [receiver] open &quot;/home/site/wwwroot/publish\publish\publish\retail-rag-web-app.staticwebassets.endpoints.json&quot; failed: Invalid argument (22)
rsync: [receiver] open &quot;/home/site/wwwroot/publish\publish\web.config&quot; failed: Invalid argument (22)
rsync: [receiver] open &quot;/home/site/wwwroot/runtimes\win\lib\netstandard2.0\System.Security.Cryptography.ProtectedData.dll&quot; failed: Invalid argument (22)
rsync error: some files/attrs were not transferred (see previous errors) (code 23) at main.c(1338) [sender=3.2.7]
/opt/Kudu/Scripts/starter.sh /opt/Kudu/Scripts/parallel_rsync.sh /tmp/zipdeploy/extracted /home/site/wwwroot 8 /tmp/ False False  " stackTrace="   at Kudu.Core.Infrastructure.Executable.ExecuteInternal(ITracer tracer, Func`2 onWriteOutput, Func`2 onWriteError, CancellationToken token, Encoding encoding, String arguments, Object[] args) in /tmp/KuduLite/Kudu.Core/Infrastructure/Executable.cs:line 239
   at Kudu.Core.Infrastructure.Executable.ExecuteWithProgressWriter(ILogger logger, ITracer tracer, CancellationToken token, String arguments, Object[] args) in /tmp/KuduLite/Kudu.Core/Infrastructure/Executable.cs:line 118
   at Kudu.Core.Deployment.Generator.ExternalCommandBuilder.RunCommand(DeploymentContext context, String command, Boolean ignoreManifest, CancellationToken token, String message) in /tmp/KuduLite/Kudu.Core/Deployment/Generator/ExternalCommandBuilder.cs:line 122" /><!-- duration: 25ms -->
                <step title="Error occurred" date="2025-07-20T06:58:20.420" type="error" text="Invalid argument : &apos;/home/site/wwwroot/publish\publish\publish\publish\publish\publish\publish\publish\retail-rag-web-app.runtimeconfig.json&apos;" stackTrace="   at Interop.ThrowExceptionForIoErrno(ErrorInfo errorInfo, String path, Boolean isDirError)
   at Microsoft.Win32.SafeHandles.SafeFileHandle.Open(String fullPath, FileMode mode, FileAccess access, FileShare share, FileOptions options, Int64 preallocationSize, UnixFileMode openPermissions, Int64&amp; fileLength, UnixFileMode&amp; filePermissions, Boolean failForSymlink, Boolean&amp; wasSymlink, Func`4 createOpenException)
   at System.IO.FileSystem.CopyFile(String sourceFullPath, String destFullPath, Boolean overwrite)
   at Kudu.Core.Infrastructure.FileSystemHelpers.CopyDirectoryRecursive(String sourceDirPath, String destinationDirPath, Boolean overwrite) in /tmp/KuduLite/Kudu.Core/Infrastructure/FileSystemHelpers.cs:line 239
   at Kudu.Core.Deployment.Generator.OneDeployBuilder.Build(DeploymentContext context, CancellationToken token) in /tmp/KuduLite/Kudu.Core/Deployment/Generator/OneDeployBuilder.cs:line 108
   at Kudu.Core.Deployment.DeploymentManager.Build(ChangeSet changeSet, ITracer tracer, IDisposable deployStep, IRepository repository, DeploymentInfoBase deploymentInfo, DeploymentAnalytics deploymentAnalytics, Boolean fullBuildByDefault, CancellationToken cancellationToken) in /tmp/KuduLite/Kudu.Core/Deployment/DeploymentManager.cs:line 771" /><!-- duration: 1ms -->
              </step><!-- duration: 24489ms -->
            </step><!-- duration: 24600ms -->
            <step title="Error occurred" date="2025-07-20T06:58:21.095" type="error" text="Invalid argument : &apos;/home/site/wwwroot/publish\publish\publish\publish\publish\publish\publish\publish\retail-rag-web-app.runtimeconfig.json&apos;" stackTrace="   at Interop.ThrowExceptionForIoErrno(ErrorInfo errorInfo, String path, Boolean isDirError)
   at Microsoft.Win32.SafeHandles.SafeFileHandle.Open(String fullPath, FileMode mode, FileAccess access, FileShare share, FileOptions options, Int64 preallocationSize, UnixFileMode openPermissions, Int64&amp; fileLength, UnixFileMode&amp; filePermissions, Boolean failForSymlink, Boolean&amp; wasSymlink, Func`4 createOpenException)
   at System.IO.FileSystem.CopyFile(String sourceFullPath, String destFullPath, Boolean overwrite)
   at Kudu.Core.Infrastructure.FileSystemHelpers.CopyDirectoryRecursive(String sourceDirPath, String destinationDirPath, Boolean overwrite) in /tmp/KuduLite/Kudu.Core/Infrastructure/FileSystemHelpers.cs:line 239
   at Kudu.Core.Deployment.Generator.OneDeployBuilder.Build(DeploymentContext context, CancellationToken token) in /tmp/KuduLite/Kudu.Core/Deployment/Generator/OneDeployBuilder.cs:line 108
   at Kudu.Core.Deployment.DeploymentManager.Build(ChangeSet changeSet, ITracer tracer, IDisposable deployStep, IRepository repository, DeploymentInfoBase deploymentInfo, DeploymentAnalytics deploymentAnalytics, Boolean fullBuildByDefault, CancellationToken cancellationToken) in /tmp/KuduLite/Kudu.Core/Deployment/DeploymentManager.cs:line 771
   at Kudu.Core.Deployment.DeploymentManager.Build(ChangeSet changeSet, ITracer tracer, IDisposable deployStep, IRepository repository, DeploymentInfoBase deploymentInfo, DeploymentAnalytics deploymentAnalytics, Boolean fullBuildByDefault, CancellationToken cancellationToken) in /tmp/KuduLite/Kudu.Core/Deployment/DeploymentManager.cs:line 840" /><!-- duration: 1ms -->
            <step title="Cleaning up temp files" date="2025-07-20T06:58:21.183" /><!-- duration: 2ms -->
            <step title="Cleaning up temp files" date="2025-07-20T06:58:21.191" /><!-- duration: 504ms -->
            <step title="Error occurred" date="2025-07-20T06:58:21.733" type="error" text="Invalid argument : &apos;/home/site/wwwroot/publish\publish\publish\publish\publish\publish\publish\publish\retail-rag-web-app.runtimeconfig.json&apos;" stackTrace="   at Interop.ThrowExceptionForIoErrno(ErrorInfo errorInfo, String path, Boolean isDirError)
   at Microsoft.Win32.SafeHandles.SafeFileHandle.Open(String fullPath, FileMode mode, FileAccess access, FileShare share, FileOptions options, Int64 preallocationSize, UnixFileMode openPermissions, Int64&amp; fileLength, UnixFileMode&amp; filePermissions, Boolean failForSymlink, Boolean&amp; wasSymlink, Func`4 createOpenException)
   at System.IO.FileSystem.CopyFile(String sourceFullPath, String destFullPath, Boolean overwrite)
   at Kudu.Core.Infrastructure.FileSystemHelpers.CopyDirectoryRecursive(String sourceDirPath, String destinationDirPath, Boolean overwrite) in /tmp/KuduLite/Kudu.Core/Infrastructure/FileSystemHelpers.cs:line 239
   at Kudu.Core.Deployment.Generator.OneDeployBuilder.Build(DeploymentContext context, CancellationToken token) in /tmp/KuduLite/Kudu.Core/Deployment/Generator/OneDeployBuilder.cs:line 108
   at Kudu.Core.Deployment.DeploymentManager.Build(ChangeSet changeSet, ITracer tracer, IDisposable deployStep, IRepository repository, DeploymentInfoBase deploymentInfo, DeploymentAnalytics deploymentAnalytics, Boolean fullBuildByDefault, CancellationToken cancellationToken) in /tmp/KuduLite/Kudu.Core/Deployment/DeploymentManager.cs:line 771
   at Kudu.Core.Deployment.DeploymentManager.Build(ChangeSet changeSet, ITracer tracer, IDisposable deployStep, IRepository repository, DeploymentInfoBase deploymentInfo, DeploymentAnalytics deploymentAnalytics, Boolean fullBuildByDefault, CancellationToken cancellationToken) in /tmp/KuduLite/Kudu.Core/Deployment/DeploymentManager.cs:line 840
   at Kudu.Core.Deployment.DeploymentManager.DeployAsync(IRepository repository, ChangeSet changeSet, String deployer, Boolean clean, DeploymentInfoBase deploymentInfo, Boolean needFileUpdate, Boolean fullBuildByDefault) in /tmp/KuduLite/Kudu.Core/Deployment/DeploymentManager.cs:line 266" /><!-- duration: 2ms -->
          </step><!-- duration: 25407ms -->
          <step title="Reloading status file with latest updates" date="2025-07-20T06:58:21.799" >
            <step title="WebHooksManager.PublishEventAsync: PostDeployment" date="2025-07-20T06:58:21.803" /><!-- duration: 49ms -->
          </step><!-- duration: 58ms -->
          <step title="Error occurred" date="2025-07-20T06:58:21.863" type="error" text="Invalid argument : &apos;/home/site/wwwroot/publish\publish\publish\publish\publish\publish\publish\publish\retail-rag-web-app.runtimeconfig.json&apos;" stackTrace="   at Interop.ThrowExceptionForIoErrno(ErrorInfo errorInfo, String path, Boolean isDirError)
   at Microsoft.Win32.SafeHandles.SafeFileHandle.Open(String fullPath, FileMode mode, FileAccess access, FileShare share, FileOptions options, Int64 preallocationSize, UnixFileMode openPermissions, Int64&amp; fileLength, UnixFileMode&amp; filePermissions, Boolean failForSymlink, Boolean&amp; wasSymlink, Func`4 createOpenException)
   at System.IO.FileSystem.CopyFile(String sourceFullPath, String destFullPath, Boolean overwrite)
   at Kudu.Core.Infrastructure.FileSystemHelpers.CopyDirectoryRecursive(String sourceDirPath, String destinationDirPath, Boolean overwrite) in /tmp/KuduLite/Kudu.Core/Infrastructure/FileSystemHelpers.cs:line 239
   at Kudu.Core.Deployment.Generator.OneDeployBuilder.Build(DeploymentContext context, CancellationToken token) in /tmp/KuduLite/Kudu.Core/Deployment/Generator/OneDeployBuilder.cs:line 108
   at Kudu.Core.Deployment.DeploymentManager.Build(ChangeSet changeSet, ITracer tracer, IDisposable deployStep, IRepository repository, DeploymentInfoBase deploymentInfo, DeploymentAnalytics deploymentAnalytics, Boolean fullBuildByDefault, CancellationToken cancellationToken) in /tmp/KuduLite/Kudu.Core/Deployment/DeploymentManager.cs:line 771
   at Kudu.Core.Deployment.DeploymentManager.Build(ChangeSet changeSet, ITracer tracer, IDisposable deployStep, IRepository repository, DeploymentInfoBase deploymentInfo, DeploymentAnalytics deploymentAnalytics, Boolean fullBuildByDefault, CancellationToken cancellationToken) in /tmp/KuduLite/Kudu.Core/Deployment/DeploymentManager.cs:line 840
   at Kudu.Core.Deployment.DeploymentManager.DeployAsync(IRepository repository, ChangeSet changeSet, String deployer, Boolean clean, DeploymentInfoBase deploymentInfo, Boolean needFileUpdate, Boolean fullBuildByDefault) in /tmp/KuduLite/Kudu.Core/Deployment/DeploymentManager.cs:line 266" /><!-- duration: 2ms -->
          <step title="Marking deployment as failed and cleaning up the temp deployment" date="2025-07-20T06:58:21.914" /><!-- duration: 8ms -->
        </step><!-- duration: 27336ms -->
      </step><!-- duration: 27350ms -->
      <step title="Error occurred" date="2025-07-20T06:58:22.116" type="error" text="Deployment failed" stackTrace="   at Kudu.Core.Deployment.DeploymentManager.DeployAsync(IRepository repository, ChangeSet changeSet, String deployer, Boolean clean, DeploymentInfoBase deploymentInfo, Boolean needFileUpdate, Boolean fullBuildByDefault) in /tmp/KuduLite/Kudu.Core/Deployment/DeploymentManager.cs:line 307
   at Kudu.Core.Deployment.FetchDeploymentManager.PerformDeployment(DeploymentInfoBase deploymentInfo, IDisposable tempDeployment, ChangeSet tempChangeSet, DeployStatusApiResult updateStatusObj) in /tmp/KuduLite/Kudu.Core/Deployment/FetchDeploymentManager.cs:line 230
   at Kudu.Core.Deployment.FetchDeploymentManager.&lt;&gt;c__DisplayClass17_0.&lt;&lt;FetchDeploy&gt;b__0&gt;d.MoveNext() in /tmp/KuduLite/Kudu.Core/Deployment/FetchDeploymentManager.cs:line 131
--- End of stack trace from previous location ---
   at Kudu.Core.Deployment.FetchDeploymentManager.FetchDeploy(DeploymentInfoBase deployInfo, Boolean asyncRequested, Uri requestUri, String targetBranch) in /tmp/KuduLite/Kudu.Core/Deployment/FetchDeploymentManager.cs:line 124
   at Kudu.Services.Deployment.PushDeploymentController.PushDeployAsync(ArtifactDeploymentInfo deploymentInfo, Boolean isAsync, HttpContext context, JObject requestJson) in /tmp/KuduLite/Kudu.Services/Deployment/PushDeploymentController.cs:line 791
   at Kudu.Services.Deployment.PushDeploymentController.OneDeploy(String type, Boolean async, String path, Nullable`1 restart, Nullable`1 clean, Boolean ignoreStack, Boolean trackDeploymentProgress, Boolean trackStatus, Boolean reset) in /tmp/KuduLite/Kudu.Services/Deployment/PushDeploymentController.cs:line 624
   at Microsoft.AspNetCore.Mvc.Infrastructure.ActionMethodExecutor.TaskOfIActionResultExecutor.Execute(ActionContext actionContext, IActionResultTypeMapper mapper, ObjectMethodExecutor executor, Object controller, Object[] arguments)
   at Microsoft.AspNetCore.Mvc.Infrastructure.ControllerActionInvoker.&lt;InvokeActionMethodAsync&gt;g__Awaited|12_0(ControllerActionInvoker invoker, ValueTask`1 actionResultValueTask)
   at Microsoft.AspNetCore.Mvc.Infrastructure.ControllerActionInvoker.&lt;InvokeNextActionFilterAsync&gt;g__Awaited|10_0(ControllerActionInvoker invoker, Task lastTask, State next, Scope scope, Object state, Boolean isCompleted)
   at Microsoft.AspNetCore.Mvc.Infrastructure.ControllerActionInvoker.Rethrow(ActionExecutedContextSealed context)
   at Microsoft.AspNetCore.Mvc.Infrastructure.ControllerActionInvoker.Next(State&amp; next, Scope&amp; scope, Object&amp; state, Boolean&amp; isCompleted)
   at Microsoft.AspNetCore.Mvc.Infrastructure.ControllerActionInvoker.&lt;InvokeInnerFilterAsync&gt;g__Awaited|13_0(ControllerActionInvoker invoker, Task lastTask, State next, Scope scope, Object state, Boolean isCompleted)
   at Microsoft.AspNetCore.Mvc.Infrastructure.ResourceInvoker.&lt;InvokeNextResourceFilter&gt;g__Awaited|25_0(ResourceInvoker invoker, Task lastTask, State next, Scope scope, Object state, Boolean isCompleted)
   at Microsoft.AspNetCore.Mvc.Infrastructure.ResourceInvoker.Rethrow(ResourceExecutedContextSealed context)
   at Microsoft.AspNetCore.Mvc.Infrastructure.ResourceInvoker.Next(State&amp; next, Scope&amp; scope, Object&amp; state, Boolean&amp; isCompleted)
   at Microsoft.AspNetCore.Mvc.Infrastructure.ResourceInvoker.&lt;InvokeFilterPipelineAsync&gt;g__Awaited|20_0(ResourceInvoker invoker, Task lastTask, State next, Scope scope, Object state, Boolean isCompleted)
   at Microsoft.AspNetCore.Mvc.Infrastructure.ResourceInvoker.&lt;InvokeAsync&gt;g__Awaited|17_0(ResourceInvoker invoker, Task task, IDisposable scope)
   at Microsoft.AspNetCore.Mvc.Infrastructure.ResourceInvoker.&lt;InvokeAsync&gt;g__Awaited|17_0(ResourceInvoker invoker, Task task, IDisposable scope)
   at Microsoft.AspNetCore.Builder.RouterMiddleware.Invoke(HttpContext httpContext)
   at Kudu.Services.Web.Tracing.TraceMiddleware.Invoke(HttpContext context) in /tmp/KuduLite/Kudu.Services.Web/Tracing/TraceMiddleware.cs:line 101" innerText="Invalid argument : &apos;/home/site/wwwroot/publish\publish\publish\publish\publish\publish\publish\publish\retail-rag-web-app.runtimeconfig.json&apos;" innerStackTrace="   at Interop.ThrowExceptionForIoErrno(ErrorInfo errorInfo, String path, Boolean isDirError)
   at Microsoft.Win32.SafeHandles.SafeFileHandle.Open(String fullPath, FileMode mode, FileAccess access, FileShare share, FileOptions options, Int64 preallocationSize, UnixFileMode openPermissions, Int64&amp; fileLength, UnixFileMode&amp; filePermissions, Boolean failForSymlink, Boolean&amp; wasSymlink, Func`4 createOpenException)
   at System.IO.FileSystem.CopyFile(String sourceFullPath, String destFullPath, Boolean overwrite)
   at Kudu.Core.Infrastructure.FileSystemHelpers.CopyDirectoryRecursive(String sourceDirPath, String destinationDirPath, Boolean overwrite) in /tmp/KuduLite/Kudu.Core/Infrastructure/FileSystemHelpers.cs:line 239
   at Kudu.Core.Deployment.Generator.OneDeployBuilder.Build(DeploymentContext context, CancellationToken token) in /tmp/KuduLite/Kudu.Core/Deployment/Generator/OneDeployBuilder.cs:line 108
   at Kudu.Core.Deployment.DeploymentManager.Build(ChangeSet changeSet, ITracer tracer, IDisposable deployStep, IRepository repository, DeploymentInfoBase deploymentInfo, DeploymentAnalytics deploymentAnalytics, Boolean fullBuildByDefault, CancellationToken cancellationToken) in /tmp/KuduLite/Kudu.Core/Deployment/DeploymentManager.cs:line 771
   at Kudu.Core.Deployment.DeploymentManager.Build(ChangeSet changeSet, ITracer tracer, IDisposable deployStep, IRepository repository, DeploymentInfoBase deploymentInfo, DeploymentAnalytics deploymentAnalytics, Boolean fullBuildByDefault, CancellationToken cancellationToken) in /tmp/KuduLite/Kudu.Core/Deployment/DeploymentManager.cs:line 840
   at Kudu.Core.Deployment.DeploymentManager.DeployAsync(IRepository repository, ChangeSet changeSet, String deployer, Boolean clean, DeploymentInfoBase deploymentInfo, Boolean needFileUpdate, Boolean fullBuildByDefault) in /tmp/KuduLite/Kudu.Core/Deployment/DeploymentManager.cs:line 266" /><!-- duration: 20ms -->
      <step title="Incoming Request" date="2025-07-20T06:58:22.375" url="/Error?type=zip" method="POST" type="request" pid="827,1,36" Accept="*/*" Host="mos-retail-rag-app.scm.azurewebsites.net" User-Agent="AZURECLI/2.69.0 (MSI)" Accept-Encoding="gzip, deflate" Authorization="Bea..." Cache-Control="no-cache" Content-Type="application/octet-stream" Content-Length="19819583" x-ms-client-request-id="d5cd9bad-6536-11f0-965c-c8154ea19f3b" x-ms-artifact-checksum="38e06bdcda59aa0de4516c64f659dcf241a86c8de98c2a27cf151311740a927d" X-ARR-LOG-ID="d5cd9bad-6536-11f0-965c-c8154ea19f3b" CLIENT-IP="50.35.38.30:57557" X-SITE-DEPLOYMENT-ID="mos-retail-rag-app" WAS-DEFAULT-HOSTNAME="mos-retail-rag-app.scm.azurewebsites.net" X-Forwarded-Proto="https" X-AppService-Proto="https" X-Forwarded-TlsVersion="1.3" X-WAWS-Unencoded-URL="/api/publish?type=zip" X-Client-IP="50.35.38.30" X-Client-Port="57557" >
        <step title="Outgoing response" date="2025-07-20T06:58:22.667" type="response" statusCode="400" statusText="BadRequest" /><!-- duration: 1ms -->
      </step><!-- duration: 296ms -->
