<step title="Incoming Request" date="2025-07-19T01:19:00.858" instance="b2a08e" url="/api/publish?type=zip" method="POST" type="request" pid="827,1,76" Accept="*/*" Host="mos-retail-rag-app.scm.azurewebsites.net" User-Agent="AZURECLI/2.69.0 (MSI)" Accept-Encoding="gzip, deflate" Authorization="Bea..." Cache-Control="no-cache" Content-Type="application/octet-stream" Content-Length="7316649" x-ms-client-request-id="580d0a70-643e-11f0-8f85-c8154ea19f3b" x-ms-artifact-checksum="819bfca60c6beaa89e17847efb7a40ab703db547275e73ce7ae0a212c5bf7417" X-ARR-LOG-ID="580d0a70-643e-11f0-8f85-c8154ea19f3b" CLIENT-IP="20.236.11.102:28891" X-SITE-DEPLOYMENT-ID="mos-retail-rag-app" WAS-DEFAULT-HOSTNAME="mos-retail-rag-app.scm.azurewebsites.net" X-Forwarded-Proto="https" X-AppService-Proto="https" X-Forwarded-TlsVersion="1.3" X-WAWS-Unencoded-URL="/api/publish?type=zip" X-Client-IP="20.236.11.102" X-Client-Port="28891" >
  <step title="Cleanup Xml Logs" date="2025-07-19T01:19:00.860" /><!-- duration: 65ms -->
  <step title="OneDeploy" date="2025-07-19T01:19:00.965" >
    <step title="Starting PushDeployAsync" date="2025-07-19T01:19:01.001" /><!-- duration: 5ms -->
    <step title="Writing artifact to /tmp/zipdeploy/d812fbb1-9e25-44a1-a7df-2a4f67b212f1.zip" date="2025-07-19T01:19:01.026" >
      <step title="Writing multipart request body to /tmp/zipdeploy/d812fbb1-9e25-44a1-a7df-2a4f67b212f1.zip" date="2025-07-19T01:19:01.036" /><!-- duration: 9ms -->
    </step><!-- duration: 456ms -->
    <step title="Attempting to fetch target branch HEAD" date="2025-07-19T01:19:01.485" /><!-- duration: 1ms -->
    <step title="Acquiring Deployment Lock" date="2025-07-19T01:19:01.487" /><!-- duration: 1ms -->
    <step title="Acquired Deployment Lock" date="2025-07-19T01:19:01.593" /><!-- duration: 1ms -->
    <step title="Performing fetch based deployment" date="2025-07-19T01:19:01.598" >
      <step title="Creating temporary deployment" date="2025-07-19T01:19:01.607" /><!-- duration: 63ms -->
      <step title="Releasing Deployment Lock" date="2025-07-19T01:19:02.926"  extracting pushed zip file /tmp/zipdeploy/d812fbb1-9e25-44a1-a7df-2a4f67b212f1.zip (6.98 MB) to /tmp/zipdeploy/extracted" date="2025-07-19T01:19:02.924" /><!-- duration: 18ms -->
        <step title="ChmodRecursive Process exited with total time taken in ms: 32" date="2025-07-19T01:19:03.881" /><!-- duration: 2ms -->
      </step><!-- duration: 975ms -->
      <step title="None repository commit" date="2025-07-19T01:19:03.901" >
        <step title="Commit id: 551da3da-9a4c-4a47-b00c-67a36bfe0496" date="2025-07-19T01:19:04.296" Message="OneDeploy" AuthorName="N/A" AuthorEmail="N/A" /><!-- duration: 9ms -->
      </step><!-- duration: 405ms -->
      <step title="Deployment timer started" date="2025-07-19T01:19:06.317" >
        <step title="DeploymentManager.Deploy(id:551da3da-9a4c-4a47-b00c-67a36bfe0496)" date="2025-07-19T01:19:06.331" >
          <step title="Collecting changeset information" date="2025-07-19T01:19:06.382" /><!-- duration: 111ms -->
          <step title="Updating submodules" date="2025-07-19T01:19:06.497" /><!-- duration: 1202ms -->
          <step title="Determining deployment builder" date="2025-07-19T01:19:07.892" >
            <step title="Builder is OneDeployBuilder" date="2025-07-19T01:19:07.910" /><!-- duration: 8ms -->
          </step><!-- duration: 30ms -->
          <step title="PreDeployment: context.CleanOutputPath False" date="2025-07-19T01:19:07.951" >
            <step title="PreDeployment: context.OutputPath /home/site/wwwroot" date="2025-07-19T01:19:08.045" >
              <step title="Building" date="2025-07-19T01:19:08.176" >
                <step title="Executing external process" date="2025-07-19T01:19:08.667" type="process" path="starter.sh" arguments="/opt/Kudu/Scripts/parallel_rsync.sh /tmp/zipdeploy/extracted /home/site/wwwroot 8 /tmp/ False False  " /><!-- duration: 4734ms -->
                <step title="Modified file to trigger a restart of the app container." date="2025-07-19T01:19:13.845" /><!-- duration: 2ms -->
                <step title="Skip function trigger and logicapp sync because function is not enabled." date="2025-07-19T01:19:13.850" /><!-- duration: 1ms -->
                <step title="Purge deployment items" date="2025-07-19T01:19:14.949" >
                  <step title="Remove 5b4718d3-, Success, received at 07/18/2025 04:15:33" date="2025-07-19T01:19:15.032" /><!-- duration: 8ms -->
                </step><!-- duration: 100ms -->
              </step><!-- duration: 6973ms -->
            </step><!-- duration: 7235ms -->
            <step title="Cleaning up temp files" date="2025-07-19T01:19:15.282" /><!-- duration: 18ms -->
            <step title="Cleaning up temp files" date="2025-07-19T01:19:15.302" /><!-- duration: 524ms -->
            <step title="Reloading status file with latest updates" date="2025-07-19T01:19:15.888" >
              <step title="WebHooksManager.PublishEventAsync: PostDeployment" date="2025-07-19T01:19:15.897" /><!-- duration: 91ms -->
            </step><!-- duration: 151ms -->
            <step title="Cleaning up temporary deployment - fetch deployment was successful" date="2025-07-19T01:19:16.079" /><!-- duration: 20ms -->
          </step><!-- duration: 8230ms -->
        </step><!-- duration: 9851ms -->
        <step title="Outgoing response" date="2025-07-19T01:19:16.189" type="response" statusCode="200" statusText="OK" /><!-- duration: 1ms -->
      </step><!-- duration: 9874ms -->
