<step title="Incoming Request" date="2025-07-20T20:37:26.900" instance="b2a08e" url="/api/zipdeploy?isAsync=true" method="POST" type="request" pid="827,1,44" Accept="*/*" Host="mos-retail-rag-app.scm.azurewebsites.net" User-Agent="AZURECLI/2.69.0 (MSI)" Accept-Encoding="gzip, deflate" Authorization="Bea..." Cache-Control="no-cache" Content-Type="application/octet-stream" Content-Length="2006214" x-ms-client-request-id="57da4f66-65a9-11f0-8473-c8154ea19f3b" x-ms-artifact-checksum="f4acdfff0152c06f22fdae33469cd21ae8f867b173159a8aa733ba97fb4074fc" X-ARR-LOG-ID="57da4f66-65a9-11f0-8473-c8154ea19f3b" CLIENT-IP="50.35.38.30:54025" X-SITE-DEPLOYMENT-ID="mos-retail-rag-app" WAS-DEFAULT-HOSTNAME="mos-retail-rag-app.scm.azurewebsites.net" X-Forwarded-Proto="https" X-AppService-Proto="https" X-Forwarded-TlsVersion="1.3" X-WAWS-Unencoded-URL="/api/zipdeploy?isAsync=true" X-Client-IP="50.35.38.30" X-Client-Port="54025" >
  <step title="Cleanup Xml Logs" date="2025-07-20T20:37:26.921" /><!-- duration: 40ms -->
  <step title="ZipPushDeploy" date="2025-07-20T20:37:27.194" >
    <step title="ZipDeploy. Extract zip." date="2025-07-20T20:37:27.231" /><!-- duration: 1ms -->
    <step title="Starting PushDeployAsync" date="2025-07-20T20:37:27.250" /><!-- duration: 2ms -->
    <step title="Writing artifact to /tmp/zipdeploy/b11302a4-e958-48d9-b2be-165abbf814b1.zip" date="2025-07-20T20:37:27.288" >
      <step title="Writing multipart request body to /tmp/zipdeploy/b11302a4-e958-48d9-b2be-165abbf814b1.zip" date="2025-07-20T20:37:27.298" /><!-- duration: 2ms -->
    </step><!-- duration: 210ms -->
    <step title="Start deployment in the background" date="2025-07-20T20:37:27.521" >
      <step title="Acquiring Deployment Lock" date="2025-07-20T20:37:27.566" /><!-- duration: 2ms -->
      <step title="Acquired Deployment Lock" date="2025-07-20T20:37:27.649" /><!-- duration: 2ms -->
    </step><!-- duration: 340ms -->
  </step><!-- duration: 751ms -->
  <step title="Outgoing response" date="2025-07-20T20:37:27.989" type="response" statusCode="202" statusText="Accepted" /><!-- duration: 3ms -->
</step><!-- duration: 1096ms -->
