<step title="Incoming Request" date="2025-07-20T05:50:10.501" instance="b2a08e" url="/api/zipdeploy?isAsync=true" method="POST" type="request" pid="827,1,46" Accept="*/*" Host="mos-retail-rag-app.scm.azurewebsites.net" User-Agent="AZURECLI/2.69.0 (MSI)" Accept-Encoding="gzip, deflate" Authorization="Bea..." Cache-Control="no-cache" Content-Type="application/octet-stream" Content-Length="16116756" x-ms-client-request-id="634e220b-652d-11f0-9409-c8154ea19f3b" x-ms-artifact-checksum="b6f4c4b862a6ecf0582348d6f6c6e93011ea2104d611350fc9c2fcd82dcfa560" X-ARR-LOG-ID="634e220b-652d-11f0-9409-c8154ea19f3b" CLIENT-IP="50.35.38.30:61494" X-SITE-DEPLOYMENT-ID="mos-retail-rag-app" WAS-DEFAULT-HOSTNAME="mos-retail-rag-app.scm.azurewebsites.net" X-Forwarded-Proto="https" X-AppService-Proto="https" X-Forwarded-TlsVersion="1.3" X-WAWS-Unencoded-URL="/api/zipdeploy?isAsync=true" X-Client-IP="50.35.38.30" X-Client-Port="61494" >
  <step title="Cleanup Xml Logs" date="2025-07-20T05:50:10.522" /><!-- duration: 21ms -->
  <step title="ZipPushDeploy" date="2025-07-20T05:50:10.771" >
    <step title="ZipDeploy. Extract zip." date="2025-07-20T05:50:10.786" /><!-- duration: 1ms -->
    <step title="Starting PushDeployAsync" date="2025-07-20T05:50:10.815" /><!-- duration: 10ms -->
    <step title="Writing artifact to /tmp/zipdeploy/4454ba12-d8ba-48f4-b703-4688bf347430.zip" date="2025-07-20T05:50:10.878" >
      <step title="Writing multipart request body to /tmp/zipdeploy/4454ba12-d8ba-48f4-b703-4688bf347430.zip" date="2025-07-20T05:50:10.881" /><!-- duration: 5ms -->
    </step><!-- duration: 598ms -->
    <step title="Start deployment in the background" date="2025-07-20T05:50:11.495" >
      <step title="Acquiring Deployment Lock" date="2025-07-20T05:50:11.577" /><!-- duration: 2ms -->
      <step title="Acquired Deployment Lock" date="2025-07-20T05:50:11.671" /><!-- duration: 2ms -->
    </step><!-- duration: 342ms -->
  </step><!-- duration: 1107ms -->
  <step title="Outgoing response" date="2025-07-20T05:50:11.906" type="response" statusCode="202" statusText="Accepted" /><!-- duration: 3ms -->
</step><!-- duration: 1418ms -->
