<step title="BackgroundTrace" date="2025-07-19T00:49:54.156" instance="b2a08e" url="/api/zipdeploy" method="POST" >
  <step title="Creating temporary deployment - FetchDeploymentManager" date="2025-07-19T00:49:54.310" /><!-- duration: 1ms -->
  <step title="Creating temporary deployment" date="2025-07-19T00:49:54.317" /><!-- duration: 168ms -->
  <step title="Performing fetch based deployment" date="2025-07-19T00:49:54.630" >
    <step title="Cleaning up temp folders from previous zip deployments and extracting pushed zip file /tmp/zipdeploy/57ce5c68-6bcd-471e-b1c7-03521f52cbe9.zip (5.30 MB) to /tmp/zipdeploy/extracted" date="2025-07-19T00:49:55.867" >
      <step title="ChmodRecursive Process exited with total time taken in ms: 88" date="2025-07-19T00:49:56.652" /><!-- duration: 2ms -->
    </step><!-- duration: 1048ms -->
    <step title="Deployment timer started" date="2025-07-19T00:49:58.975" >
      <step title="DeploymentManager.Deploy(id:ff99194d-64cc-4f0c-866c-fd378b98e435)" date="2025-07-19T00:49:59.045" >
        <step title="Collecting changeset information" date="2025-07-19T00:49:59.167" /><!-- duration: 1233ms -->
        <step title="Updating submodules" date="2025-07-19T00:50:00.406" /><!-- duration: 1238ms -->
        <step title="Determining deployment builder" date="2025-07-19T00:50:02.048" >
          <step title="Builder is BasicBuilder" date="2025-07-19T00:50:02.095" /><!-- duration: 2ms -->
        </step><!-- duration: 52ms -->
        <step title="PreDeployment: context.CleanOutputPath False" date="2025-07-19T00:50:02.297" >
          <step title="PreDeployment: context.OutputPath /home/site/wwwroot" date="2025-07-19T00:50:02.900" >
            <step title="Building" date="2025-07-19T00:50:03.528" >
              <step title="Executing external process" date="2025-07-19T00:50:05.592" type="process" path="starter.sh" arguments="/opt/Kudu/Scripts/parallel_rsync.sh /tmp/zipdeploy/extracted /home/site/wwwroot 8 /tmp/ False True  " /><!-- duration: 8744ms -->
              <step title="Triggering recycle (preview mode disabled)." date="2025-07-19T00:50:14.639" /><!-- duration: 1ms -->
              <step title="Modified file to trigger a restart of the app container." date="2025-07-19T00:50:14.678" /><!-- duration: 2ms -->
              <step title="Skip function trigger and logicapp sync because function is not enabled." date="2025-07-19T00:50:14.722" /><!-- duration: 2ms -->
            </step><!-- duration: 12348ms -->
          </step><!-- duration: 13000ms -->
          <step title="Cleaning up temp files" date="2025-07-19T00:50:15.909" /><!-- duration: 16ms -->
          <step title="Cleaning up temp files" date="2025-07-19T00:50:15.957" /><!-- duration: 510ms -->
          <step title="Reloading status file with latest updates" date="2025-07-19T00:50:16.521" >
            <step title="WebHooksManager.PublishEventAsync: PostDeployment" date="2025-07-19T00:50:16.533" /><!-- duration: 60ms -->
          </step><!-- duration: 76ms -->
          <step title="Cleaning up temporary deployment - fetch deployment was successful" date="2025-07-19T00:50:16.602" /><!-- duration: 4ms -->
        </step><!-- duration: 14401ms -->
      </step><!-- duration: 17672ms -->
