<step title="Incoming Request" date="2025-07-19T00:49:53.563" instance="b2a08e" url="/api/zipdeploy?isAsync=true" method="POST" type="request" pid="827,1,55" Accept="*/*" Host="mos-retail-rag-app.scm.azurewebsites.net" User-Agent="AZURECLI/2.69.0 (MSI)" Accept-Encoding="gzip, deflate" Authorization="Bea..." Cache-Control="no-cache" Content-Type="application/octet-stream" Content-Length="5554601" x-ms-client-request-id="4682ab6f-643a-11f0-89ee-c8154ea19f3b" x-ms-artifact-checksum="6a82c581a39533b38c6dad480866e16b3a69ae881ee4102a238cfb6999060417" X-ARR-LOG-ID="4682ab6f-643a-11f0-89ee-c8154ea19f3b" CLIENT-IP="50.35.38.30:61832" X-SITE-DEPLOYMENT-ID="mos-retail-rag-app" WAS-DEFAULT-HOSTNAME="mos-retail-rag-app.scm.azurewebsites.net" X-Forwarded-Proto="https" X-AppService-Proto="https" X-Forwarded-TlsVersion="1.3" X-WAWS-Unencoded-URL="/api/zipdeploy?isAsync=true" X-Client-IP="50.35.38.30" X-Client-Port="61832" >
  <step title="Cleanup Xml Logs" date="2025-07-19T00:49:53.635" /><!-- duration: 52ms -->
  <step title="ZipPushDeploy" date="2025-07-19T00:49:53.876" >
    <step title="ZipDeploy. Extract zip." date="2025-07-19T00:49:53.889" /><!-- duration: 3ms -->
    <step title="Starting PushDeployAsync" date="2025-07-19T00:49:53.897" /><!-- duration: 2ms -->
    <step title="Writing artifact to /tmp/zipdeploy/57ce5c68-6bcd-471e-b1c7-03521f52cbe9.zip" date="2025-07-19T00:49:53.914" >
      <step title="Writing multipart request body to /tmp/zipdeploy/57ce5c68-6bcd-471e-b1c7-03521f52cbe9.zip" date="2025-07-19T00:49:53.922" /><!-- duration: 18ms -->
    </step><!-- duration: 216ms -->
    <step title="Start deployment in the background" date="2025-07-19T00:49:54.147" >
      <step title="Acquiring Deployment Lock" date="2025-07-19T00:49:54.200" /><!-- duration: 16ms -->
      <step title="Acquired Deployment Lock" date="2025-07-19T00:49:54.306" /><!-- duration: 3ms -->
    </step><!-- duration: 345ms -->
  </step><!-- duration: 652ms -->
  <step title="Outgoing response" date="2025-07-19T00:49:54.568" type="response" statusCode="202" statusText="Accepted" /><!-- duration: 2ms -->
</step><!-- duration: 1011ms -->
