<step title="Incoming Request" date="2025-07-18T19:15:44.816" instance="b2a08e" url="/api/zipdeploy?isAsync=true" method="POST" type="request" pid="827,1,82" Accept="*/*" Host="mos-retail-rag-app.scm.azurewebsites.net" User-Agent="AZURECLI/2.69.0 (MSI)" Accept-Encoding="gzip, deflate" Authorization="Bea..." Cache-Control="no-cache" Content-Type="application/octet-stream" Content-Length="3774430" x-ms-client-request-id="98d8b71f-640b-11f0-bb60-c8154ea19f3b" x-ms-artifact-checksum="629bade5ea04c4b3931710fd97d61e4d5e4926de9cd6e6c44677f03ca0de1e85" X-ARR-LOG-ID="98d8b71f-640b-11f0-bb60-c8154ea19f3b" CLIENT-IP="50.35.38.30:64155" X-SITE-DEPLOYMENT-ID="mos-retail-rag-app" WAS-DEFAULT-HOSTNAME="mos-retail-rag-app.scm.azurewebsites.net" X-Forwarded-Proto="https" X-AppService-Proto="https" X-Forwarded-TlsVersion="1.3" X-WAWS-Unencoded-URL="/api/zipdeploy?isAsync=true" X-Client-IP="50.35.38.30" X-Client-Port="64155" >
  <step title="Cleanup Xml Logs" date="2025-07-18T19:15:44.818" /><!-- duration: 3ms -->
  <step title="ZipPushDeploy" date="2025-07-18T19:15:44.890" >
    <step title="ZipDeploy. Extract zip." date="2025-07-18T19:15:44.901" /><!-- duration: 1ms -->
    <step title="Starting PushDeployAsync" date="2025-07-18T19:15:44.912" /><!-- duration: 1ms -->
    <step title="Writing artifact to /tmp/zipdeploy/353c8f54-c298-42dc-a26b-08af2997513d.zip" date="2025-07-18T19:15:44.942" >
      <step title="Writing multipart request body to /tmp/zipdeploy/353c8f54-c298-42dc-a26b-08af2997513d.zip" date="2025-07-18T19:15:44.943" /><!-- duration: 18ms -->
    </step><!-- duration: 387ms -->
    <step title="Start deployment in the background" date="2025-07-18T19:15:45.347" >
      <step title="Acquiring Deployment Lock" date="2025-07-18T19:15:45.368" /><!-- duration: 2ms -->
      <step title="Acquired Deployment Lock" date="2025-07-18T19:15:45.400" /><!-- duration: 1ms -->
    </step><!-- duration: 143ms -->
  </step><!-- duration: 612ms -->
  <step title="Outgoing response" date="2025-07-18T19:15:45.505" type="response" statusCode="202" statusText="Accepted" /><!-- duration: 1ms -->
</step><!-- duration: 709ms -->
