<step title="Incoming Request" date="2025-07-19T01:32:14.284" instance="b2a08e" url="/api/publish?type=zip" method="POST" type="request" pid="827,1,87" Accept="*/*" Host="mos-retail-rag-app.scm.azurewebsites.net" User-Agent="AZURECLI/2.69.0 (MSI)" Accept-Encoding="gzip, deflate" Authorization="Bea..." Cache-Control="no-cache" Content-Type="application/octet-stream" Content-Length="9074250" x-ms-client-request-id="2ecf3b3b-6440-11f0-adb7-c8154ea19f3b" x-ms-artifact-checksum="73f10126a7ea531ecf120765aa916c5899508294b17527f253fa998ee94d68fe" X-ARR-LOG-ID="2ecf3b3b-6440-11f0-adb7-c8154ea19f3b" CLIENT-IP="20.236.11.102:28914" X-SITE-DEPLOYMENT-ID="mos-retail-rag-app" WAS-DEFAULT-HOSTNAME="mos-retail-rag-app.scm.azurewebsites.net" X-Forwarded-Proto="https" X-AppService-Proto="https" X-Forwarded-TlsVersion="1.3" X-WAWS-Unencoded-URL="/api/publish?type=zip" X-Client-IP="20.236.11.102" X-Client-Port="28914" >
  <step title="Cleanup Xml Logs" date="2025-07-19T01:32:14.336" /><!-- duration: 58ms -->
  <step title="OneDeploy" date="2025-07-19T01:32:14.455" >
    <step title="Starting PushDeployAsync" date="2025-07-19T01:32:14.496" /><!-- duration: 29ms -->
    <step title="Writing artifact to /tmp/zipdeploy/ea578c61-ab39-4d28-ad70-6d1467bcbeef.zip" date="2025-07-19T01:32:14.597" >
      <step title="Writing multipart request body to /tmp/zipdeploy/ea578c61-ab39-4d28-ad70-6d1467bcbeef.zip" date="2025-07-19T01:32:14.614" /><!-- duration: 21ms -->
    </step><!-- duration: 1679ms -->
    <step title="Attempting to fetch target branch HEAD" date="2025-07-19T01:32:16.325" /><!-- duration: 1ms -->
    <step title="Acquiring Deployment Lock" date="2025-07-19T01:32:16.345" /><!-- duration: 2ms -->
    <step title="Acquired Deployment Lock" date="2025-07-19T01:32:16.474" /><!-- duration: 3ms -->
    <step title="Performing fetch based deployment" date="2025-07-19T01:32:16.525" >
      <step title="Creating temporary deployment" date="2025-07-19T01:32:16.534" /><!-- duration: 213ms -->
      <step title="Releasing Deployment Lock" date="2025-07-19T01:32:17.993" /><!-- duration: 12ms -->
      <step title="Cleaning up temp folders from previous zip deployments and extracting pushed zip file /tmp/zipdeploy/ea578c61-ab39-4d28-ad70-6d1467bcbeef.zip (8.65 MB) to /tmp/zipdeploy/extracted" date="2025-07-19T01:32:18.115" >
        <step title="ChmodRecursive Process exited with total time taken in ms: 160" date="2025-07-19T01:32:22.229" /><!-- duration: 50ms -->
      </step><!-- duration: 4174ms -->
      <step title="None repository commit" date="2025-07-19T01:32:22.291" >
        <step title="Commit id: 15560b7f-fe02-412b-b4c6-913f1ea43830" date="2025-07-19T01:32:22.302" Message="OneDeploy" AuthorName="N/A" AuthorEmail="N/A" /><!-- duration: 38ms -->
      </step><!-- duration: 59ms -->
      <step title="Deployment timer started" date="2025-07-19T01:32:24.359" >
        <step title="DeploymentManager.Deploy(id:15560b7f-fe02-412b-b4c6-913f1ea43830)" date="2025-07-19T01:32:24.381" >
          <step title="Collecting changeset information" date="2025-07-19T01:32:24.430" /><!-- duration: 169ms -->
          <step title="Updating submodules" date="2025-07-19T01:32:24.611" /><!-- duration: 1205ms -->
          <step title="Determining deployment builder" date="2025-07-19T01:32:26.157" >
            <step title="Builder is OneDeployBuilder" date="2025-07-19T01:32:26.172" /><!-- duration: 2ms -->
          </step><!-- duration: 24ms -->
          <step title="PreDeployment: context.CleanOutputPath False" date="2025-07-19T01:32:26.255" >
            <step title="PreDeployment: context.OutputPath /home/site/wwwroot" date="2025-07-19T01:32:26.377" >
              <step title="Building" date="2025-07-19T01:32:26.527" >
                <step title="Executing external process" date="2025-07-19T01:32:26.988" type="process" path="starter.sh" arguments="/opt/Kudu/Scripts/parallel_rsync.sh /tmp/zipdeploy/extracted /home/site/wwwroot 8 /tmp/ False False  " /><!-- duration: 7020ms -->
                <step title="Modified file to trigger a restart of the app container." date="2025-07-19T01:32:34.409" /><!-- duration: 3ms -->
                <step title="Skip function trigger and logicapp sync because function is not enabled." date="2025-07-19T01:32:34.415" /><!-- duration: 2ms -->
                <step title="Purge deployment items" date="2025-07-19T01:32:35.442" >
                  <step title="Remove 5f9ace41-, Success, received at 07/18/2025 19:09:19" date="2025-07-19T01:32:35.480" /><!-- duration: 2ms -->
                </step><!-- duration: 42ms -->
              </step><!-- duration: 9017ms -->
            </step><!-- duration: 9170ms -->
            <step title="Cleaning up temp files" date="2025-07-19T01:32:35.549" /><!-- duration: 7ms -->
            <step title="Cleaning up temp files" date="2025-07-19T01:32:35.557" /><!-- duration: 504ms -->
            <step title="Reloading status file with latest updates" date="2025-07-19T01:32:36.104" >
              <step title="WebHooksManager.PublishEventAsync: PostDeployment" date="2025-07-19T01:32:36.114" /><!-- duration: 22ms -->
            </step><!-- duration: 36ms -->
            <step title="Cleaning up temporary deployment - fetch deployment was successful" date="2025-07-19T01:32:36.144" /><!-- duration: 2ms -->
          </step><!-- duration: 10009ms -->
        </step><!-- duration: 11889ms -->
        <step title="Outgoing response" date="2025-07-19T01:32:36.300" type="response" statusCode="200" statusText="OK" /><!-- duration: 1ms -->
      </step><!-- duration: 11944ms -->
