<step title="Incoming Request" date="2025-07-20T08:05:22.228" instance="b2a08e" url="/api/publish?type=zip" method="POST" type="request" pid="827,1,39" Accept="*/*" Host="mos-retail-rag-app.scm.azurewebsites.net" User-Agent="AZURECLI/2.69.0 (MSI)" Accept-Encoding="gzip, deflate" Authorization="Bea..." Cache-Control="no-cache" Content-Type="application/octet-stream" Content-Length="7336626" x-ms-client-request-id="45b49583-6540-11f0-aec6-c8154ea19f3b" x-ms-artifact-checksum="13bc63267814a62ca64287df96589a94f6697360c790ab8a22c479954fe78c4a" X-ARR-LOG-ID="45b49583-6540-11f0-aec6-c8154ea19f3b" CLIENT-IP="50.35.38.30:60786" X-SITE-DEPLOYMENT-ID="mos-retail-rag-app" WAS-DEFAULT-HOSTNAME="mos-retail-rag-app.scm.azurewebsites.net" X-Forwarded-Proto="https" X-AppService-Proto="https" X-Forwarded-TlsVersion="1.3" X-WAWS-Unencoded-URL="/api/publish?type=zip" X-Client-IP="50.35.38.30" X-Client-Port="60786" >
  <step title="Cleanup Xml Logs" date="2025-07-20T08:05:22.249" /><!-- duration: 10ms -->
  <step title="OneDeploy" date="2025-07-20T08:05:22.484" >
    <step title="Starting PushDeployAsync" date="2025-07-20T08:05:22.688" /><!-- duration: 2ms -->
    <step title="Writing artifact to /tmp/zipdeploy/05139692-a767-4b73-abdf-0327beed114f.zip" date="2025-07-20T08:05:22.698" >
      <step title="Writing multipart request body to /tmp/zipdeploy/05139692-a767-4b73-abdf-0327beed114f.zip" date="2025-07-20T08:05:22.699" /><!-- duration: 1ms -->
    </step><!-- duration: 225ms -->
    <step title="Attempting to fetch target branch HEAD" date="2025-07-20T08:05:22.949" /><!-- duration: 1ms -->
    <step title="Acquiring Deployment Lock" date="2025-07-20T08:05:22.959" /><!-- duration: 14ms -->
    <step title="Acquired Deployment Lock" date="2025-07-20T08:05:22.994" /><!-- duration: 2ms -->
    <step title="Performing fetch based deployment" date="2025-07-20T08:05:23.001" >
      <step title="Creating temporary deployment" date="2025-07-20T08:05:23.009" /><!-- duration: 66ms -->
      <step title="Releasing Deployment Lock" date="2025-07-20T08:05:24.206" /><!-- duration: 6ms -->
      <step title="Cleaning up temp folders from previous zip deployments and extracting pushed zip file /tmp/zipdeploy/05139692-a767-4b73-abdf-0327beed114f.zip (7.00 MB) to /tmp/zipdeploy/extracted" date="2025-07-20T08:05:24.240" >
        <step title="ChmodRecursive Process exited with total time taken in ms: 50" date="2025-07-20T08:05:25.197" /><!-- duration: 44ms -->
      </step><!-- duration: 1007ms -->
      <step title="None repository commit" date="2025-07-20T08:05:25.250" >
        <step title="Commit id: ae381ca4-599a-49fc-bd76-c3f91d509e02" date="2025-07-20T08:05:25.258" Message="OneDeploy" AuthorName="N/A" AuthorEmail="N/A" /><!-- duration: 4ms -->
      </step><!-- duration: 14ms -->
      <step title="Deployment timer started" date="2025-07-20T08:05:27.269" >
        <step title="DeploymentManager.Deploy(id:ae381ca4-599a-49fc-bd76-c3f91d509e02)" date="2025-07-20T08:05:27.273" >
          <step title="Collecting changeset information" date="2025-07-20T08:05:27.300" /><!-- duration: 115ms -->
          <step title="Updating submodules" date="2025-07-20T08:05:27.422" /><!-- duration: 1175ms -->
          <step title="Determining deployment builder" date="2025-07-20T08:05:28.906" >
            <step title="Builder is OneDeployBuilder" date="2025-07-20T08:05:28.956" /><!-- duration: 10ms -->
          </step><!-- duration: 71ms -->
          <step title="PreDeployment: context.CleanOutputPath False" date="2025-07-20T08:05:29.156" >
            <step title="PreDeployment: context.OutputPath /home/site/wwwroot" date="2025-07-20T08:05:29.348" >
              <step title="Building" date="2025-07-20T08:05:29.526" >
                <step title="Executing external process" date="2025-07-20T08:05:29.960" type="process" path="starter.sh" arguments="/opt/Kudu/Scripts/parallel_rsync.sh /tmp/zipdeploy/extracted /home/site/wwwroot 8 /tmp/ False False  " /><!-- duration: 3383ms -->
                <step title="Modified file to trigger a restart of the app container." date="2025-07-20T08:05:33.898" /><!-- duration: 2ms -->
                <step title="Skip function trigger and logicapp sync because function is not enabled." date="2025-07-20T08:05:34.074" /><!-- duration: 4ms -->
                <step title="Purge deployment items" date="2025-07-20T08:05:35.347" >
                  <step title="Remove 9cdb2480-, Success, received at 07/19/2025 01:09:35" date="2025-07-20T08:05:35.508" /><!-- duration: 30ms -->
                </step><!-- duration: 200ms -->
              </step><!-- duration: 6103ms -->
            </step><!-- duration: 6300ms -->
            <step title="Cleaning up temp files" date="2025-07-20T08:05:35.650" /><!-- duration: 6ms -->
            <step title="Cleaning up temp files" date="2025-07-20T08:05:35.657" /><!-- duration: 512ms -->
            <step title="Reloading status file with latest updates" date="2025-07-20T08:05:36.199" >
              <step title="WebHooksManager.PublishEventAsync: PostDeployment" date="2025-07-20T08:05:36.206" /><!-- duration: 28ms -->
            </step><!-- duration: 38ms -->
            <step title="Cleaning up temporary deployment - fetch deployment was successful" date="2025-07-20T08:05:36.248" /><!-- duration: 3ms -->
          </step><!-- duration: 7170ms -->
        </step><!-- duration: 9055ms -->
        <step title="Outgoing response" date="2025-07-20T08:05:36.340" type="response" statusCode="200" statusText="OK" /><!-- duration: 1ms -->
      </step><!-- duration: 9074ms -->
