<step title="Incoming Request" date="2025-07-19T01:09:30.894" instance="b2a08e" url="/api/zipdeploy?isAsync=true" method="POST" type="request" pid="827,1,68" Accept="*/*" Host="mos-retail-rag-app.scm.azurewebsites.net" User-Agent="AZURECLI/2.69.0 (MSI)" Accept-Encoding="gzip, deflate" Authorization="Bea..." Cache-Control="no-cache" Content-Type="application/octet-stream" Content-Length="3796993" x-ms-client-request-id="047c9eae-643d-11f0-af9e-c8154ea19f3b" x-ms-artifact-checksum="9c848972d95eca282a938baa3c9a1ea91465093f24d6bf1e67cd1812457a3da7" X-ARR-LOG-ID="047c9eae-643d-11f0-af9e-c8154ea19f3b" CLIENT-IP="20.236.11.102:29457" X-SITE-DEPLOYMENT-ID="mos-retail-rag-app" WAS-DEFAULT-HOSTNAME="mos-retail-rag-app.scm.azurewebsites.net" X-Forwarded-Proto="https" X-AppService-Proto="https" X-Forwarded-TlsVersion="1.3" X-WAWS-Unencoded-URL="/api/zipdeploy?isAsync=true" X-Client-IP="20.236.11.102" X-Client-Port="29457" >
  <step title="Cleanup Xml Logs" date="2025-07-19T01:09:30.897" /><!-- duration: 9ms -->
  <step title="ZipPushDeploy" date="2025-07-19T01:09:30.975" >
    <step title="ZipDeploy. Extract zip." date="2025-07-19T01:09:30.996" /><!-- duration: 1ms -->
    <step title="Starting PushDeployAsync" date="2025-07-19T01:09:30.998" /><!-- duration: 1ms -->
    <step title="Writing artifact to /tmp/zipdeploy/a3043a55-90a4-4fae-ac5d-e191057bcea5.zip" date="2025-07-19T01:09:31.010" >
      <step title="Writing multipart request body to /tmp/zipdeploy/a3043a55-90a4-4fae-ac5d-e191057bcea5.zip" date="2025-07-19T01:09:31.014" /><!-- duration: 4ms -->
    </step><!-- duration: 129ms -->
    <step title="Start deployment in the background" date="2025-07-19T01:09:31.168" >
      <step title="Acquiring Deployment Lock" date="2025-07-19T01:09:31.220" /><!-- duration: 7ms -->
      <step title="Acquired Deployment Lock" date="2025-07-19T01:09:31.251" /><!-- duration: 1ms -->
    </step><!-- duration: 181ms -->
  </step><!-- duration: 380ms -->
  <step title="Outgoing response" date="2025-07-19T01:09:31.356" type="response" statusCode="202" statusText="Accepted" /><!-- duration: 2ms -->
</step><!-- duration: 465ms -->
