<step title="BackgroundTrace" date="2025-07-19T01:09:31.177" instance="b2a08e" url="/api/zipdeploy" method="POST" >
  <step title="Creating temporary deployment - FetchDeploymentManager" date="2025-07-19T01:09:31.253" /><!-- duration: 1ms -->
  <step title="Creating temporary deployment" date="2025-07-19T01:09:31.257" /><!-- duration: 90ms -->
  <step title="Performing fetch based deployment" date="2025-07-19T01:09:31.382" >
    <step title="Cleaning up temp folders from previous zip deployments and extracting pushed zip file /tmp/zipdeploy/a3043a55-90a4-4fae-ac5d-e191057bcea5.zip (3.62 MB) to /tmp/zipdeploy/extracted" date="2025-07-19T01:09:32.585" >
      <step title="ChmodRecursive Process exited with total time taken in ms: 315" date="2025-07-19T01:09:33.344" /><!-- duration: 47ms -->
    </step><!-- duration: 815ms -->
    <step title="Deployment timer started" date="2025-07-19T01:09:35.445" >
      <step title="DeploymentManager.Deploy(id:9cdb2480-d1f3-41a3-ad6b-881ee458db13)" date="2025-07-19T01:09:35.448" >
        <step title="Collecting changeset information" date="2025-07-19T01:09:35.483" /><!-- duration: 126ms -->
        <step title="Updating submodules" date="2025-07-19T01:09:35.613" /><!-- duration: 1168ms -->
        <step title="Determining deployment builder" date="2025-07-19T01:09:37.365" >
          <step title="Builder is BasicBuilder" date="2025-07-19T01:09:37.419" /><!-- duration: 1ms -->
        </step><!-- duration: 57ms -->
        <step title="PreDeployment: context.CleanOutputPath False" date="2025-07-19T01:09:37.519" >
          <step title="PreDeployment: context.OutputPath /home/site/wwwroot" date="2025-07-19T01:09:37.702" >
            <step title="Building" date="2025-07-19T01:09:37.944" >
              <step title="Executing external process" date="2025-07-19T01:09:38.282" type="process" path="starter.sh" arguments="/opt/Kudu/Scripts/parallel_rsync.sh /tmp/zipdeploy/extracted /home/site/wwwroot 8 /tmp/ False True  " /><!-- duration: 4322ms -->
              <step title="Triggering recycle (preview mode disabled)." date="2025-07-19T01:09:42.939" /><!-- duration: 2ms -->
              <step title="Modified file to trigger a restart of the app container." date="2025-07-19T01:09:43.011" /><!-- duration: 9ms -->
              <step title="Skip function trigger and logicapp sync because function is not enabled." date="2025-07-19T01:09:43.030" /><!-- duration: 20ms -->
            </step><!-- duration: 6083ms -->
          </step><!-- duration: 6332ms -->
          <step title="Cleaning up temp files" date="2025-07-19T01:09:44.035" /><!-- duration: 7ms -->
          <step title="Cleaning up temp files" date="2025-07-19T01:09:44.044" /><!-- duration: 521ms -->
          <step title="Reloading status file with latest updates" date="2025-07-19T01:09:44.589" >
            <step title="WebHooksManager.PublishEventAsync: PostDeployment" date="2025-07-19T01:09:44.591" /><!-- duration: 38ms -->
          </step><!-- duration: 62ms -->
          <step title="Cleaning up temporary deployment - fetch deployment was successful" date="2025-07-19T01:09:44.655" /><!-- duration: 8ms -->
        </step><!-- duration: 7233ms -->
      </step><!-- duration: 9324ms -->
