<step title="BackgroundTrace" date="2025-07-20T06:13:07.829" instance="b2a08e" url="/api/zipdeploy" method="POST" >
  <step title="Creating temporary deployment - FetchDeploymentManager" date="2025-07-20T06:13:07.998" /><!-- duration: 2ms -->
  <step title="Creating temporary deployment" date="2025-07-20T06:13:08.001" /><!-- duration: 72ms -->
  <step title="Performing fetch based deployment" date="2025-07-20T06:13:08.331" >
    <step title="Cleaning up temp folders from previous zip deployments and extracting pushed zip file /tmp/zipdeploy/31a569c4-3177-43ff-909b-37b27abd4d2e.zip (17.05 MB) to /tmp/zipdeploy/extracted" date="2025-07-20T06:13:09.614" >
      <step title="ChmodRecursive Process exited with total time taken in ms: 239" date="2025-07-20T06:13:13.155" /><!-- duration: 2ms -->
    </step><!-- duration: 3562ms -->
    <step title="Deployment timer started" date="2025-07-20T06:13:15.209" >
      <step title="DeploymentManager.Deploy(id:58b80459-4a2a-4564-ae8c-864251d0bc23)" date="2025-07-20T06:13:15.213" >
        <step title="Collecting changeset information" date="2025-07-20T06:13:15.300" /><!-- duration: 96ms -->
        <step title="Updating submodules" date="2025-07-20T06:13:15.425" /><!-- duration: 1163ms -->
        <step title="Determining deployment builder" date="2025-07-20T06:13:16.806" >
          <step title="Builder is BasicBuilder" date="2025-07-20T06:13:16.829" /><!-- duration: 5ms -->
        </step><!-- duration: 39ms -->
        <step title="PreDeployment: context.CleanOutputPath False" date="2025-07-20T06:13:16.909" >
          <step title="PreDeployment: context.OutputPath /home/site/wwwroot" date="2025-07-20T06:13:17.078" >
            <step title="Building" date="2025-07-20T06:13:17.219" >
              <step title="Executing external process" date="2025-07-20T06:13:18.118" type="process" path="starter.sh" arguments="/opt/Kudu/Scripts/parallel_rsync.sh /tmp/zipdeploy/extracted /home/site/wwwroot 8 /tmp/ False True  " /><!-- duration: 10613ms -->
              <step title="Triggering recycle (preview mode disabled)." date="2025-07-20T06:13:29.012" /><!-- duration: 3ms -->
              <step title="Modified file to trigger a restart of the app container." date="2025-07-20T06:13:29.124" /><!-- duration: 2ms -->
              <step title="Skip function trigger and logicapp sync because function is not enabled." date="2025-07-20T06:13:29.142" /><!-- duration: 2ms -->
              <step title="Purge deployment items" date="2025-07-20T06:13:30.311" >
                <step title="Remove a9326c51-, Success, received at 07/18/2025 21:31:24" date="2025-07-20T06:13:30.450" /><!-- duration: 7ms -->
              </step><!-- duration: 158ms -->
            </step><!-- duration: 13324ms -->
          </step><!-- duration: 13482ms -->
          <step title="Cleaning up temp files" date="2025-07-20T06:13:30.571" /><!-- duration: 3ms -->
          <step title="Cleaning up temp files" date="2025-07-20T06:13:30.579" /><!-- duration: 509ms -->
          <step title="Reloading status file with latest updates" date="2025-07-20T06:13:31.136" >
            <step title="WebHooksManager.PublishEventAsync: PostDeployment" date="2025-07-20T06:13:31.138" /><!-- duration: 57ms -->
          </step><!-- duration: 67ms -->
          <step title="Cleaning up temporary deployment - fetch deployment was successful" date="2025-07-20T06:13:31.215" /><!-- duration: 1ms -->
        </step><!-- duration: 14414ms -->
      </step><!-- duration: 16147ms -->
