﻿<?xml version="1.0" encoding="utf-8"?>
<deployment>
  <id>73590f2d-deef-4896-aa09-166250d0fa29</id>
  <author>N/A</author>
  <deployer>Push-Deployer</deployer>
  <authorEmail>N/A</authorEmail>
  <message>Created via a push deployment</message>
  <progress></progress>
  <status>Success</status>
  <statusText></statusText>
  <lastSuccessEndTime>2025-07-20T20:37:40.9247941Z</lastSuccessEndTime>
  <receivedTime>2025-07-20T20:37:31.846345Z</receivedTime>
  <startTime>2025-07-20T20:37:34.4326444Z</startTime>
  <endTime>2025-07-20T20:37:40.9247941Z</endTime>
  <complete>True</complete>
  <is_temp>False</is_temp>
  <is_readonly>True</is_readonly>
  <buildSummary />
</deployment>