{"Version":1,"ManifestType":"Publish","Endpoints":[{"Route":"css/site.css","AssetFile":"css/site.css","Selectors":[],"ResponseHeaders":[{"Name":"Accept-Ranges","Value":"bytes"},{"Name":"Cache-Control","Value":"no-cache"},{"Name":"Content-Length","Value":"479"},{"Name":"Content-Type","Value":"text/css"},{"Name":"ETag","Value":"\"H6tBWNEUg7MqiqyR7VItsK1GTGhlGvEdzj+kxzZuEY4=\""},{"Name":"Last-Modified","Value":"Sun, 20 Jul 2025 19:57:25 GMT"}],"EndpointProperties":[{"Name":"integrity","Value":"sha256-H6tBWNEUg7MqiqyR7VItsK1GTGhlGvEdzj+kxzZuEY4="}]},{"Route":"css/site.r5tmm2pvea.css","AssetFile":"css/site.css","Selectors":[],"ResponseHeaders":[{"Name":"Accept-Ranges","Value":"bytes"},{"Name":"Cache-Control","Value":"max-age=31536000, immutable"},{"Name":"Content-Length","Value":"479"},{"Name":"Content-Type","Value":"text/css"},{"Name":"ETag","Value":"\"H6tBWNEUg7MqiqyR7VItsK1GTGhlGvEdzj+kxzZuEY4=\""},{"Name":"Last-Modified","Value":"Sun, 20 Jul 2025 19:57:25 GMT"}],"EndpointProperties":[{"Name":"fingerprint","Value":"r5tmm2pvea"},{"Name":"integrity","Value":"sha256-H6tBWNEUg7MqiqyR7VItsK1GTGhlGvEdzj+kxzZuEY4="},{"Name":"label","Value":"css/site.css"}]},{"Route":"js/site.7773k6o7bn.js","AssetFile":"js/site.js","Selectors":[],"ResponseHeaders":[{"Name":"Accept-Ranges","Value":"bytes"},{"Name":"Cache-Control","Value":"max-age=31536000, immutable"},{"Name":"Content-Length","Value":"227"},{"Name":"Content-Type","Value":"text/javascript"},{"Name":"ETag","Value":"\"M/NWkv1X50B/mnplD8xcwSuCiCT0T48sTRMzI9h7PBE=\""},{"Name":"Last-Modified","Value":"Sun, 20 Jul 2025 19:57:31 GMT"}],"EndpointProperties":[{"Name":"fingerprint","Value":"7773k6o7bn"},{"Name":"integrity","Value":"sha256-M/NWkv1X50B/mnplD8xcwSuCiCT0T48sTRMzI9h7PBE="},{"Name":"label","Value":"js/site.js"}]},{"Route":"js/site.js","AssetFile":"js/site.js","Selectors":[],"ResponseHeaders":[{"Name":"Accept-Ranges","Value":"bytes"},{"Name":"Cache-Control","Value":"no-cache"},{"Name":"Content-Length","Value":"227"},{"Name":"Content-Type","Value":"text/javascript"},{"Name":"ETag","Value":"\"M/NWkv1X50B/mnplD8xcwSuCiCT0T48sTRMzI9h7PBE=\""},{"Name":"Last-Modified","Value":"Sun, 20 Jul 2025 19:57:31 GMT"}],"EndpointProperties":[{"Name":"integrity","Value":"sha256-M/NWkv1X50B/mnplD8xcwSuCiCT0T48sTRMzI9h7PBE="}]},{"Route":"lib/bootstrap/dist/css/bootstrap.min.1egtli7jyq.css","AssetFile":"lib/bootstrap/dist/css/bootstrap.min.css","Selectors":[],"ResponseHeaders":[{"Name":"Accept-Ranges","Value":"bytes"},{"Name":"Cache-Control","Value":"max-age=31536000, immutable"},{"Name":"Content-Length","Value":"2549"},{"Name":"Content-Type","Value":"text/css"},{"Name":"ETag","Value":"\"OeXQdKQK8ax8zaFy4IJuAqVSmTUTcz1a7YYRmWtDbrE=\""},{"Name":"Last-Modified","Value":"Sun, 20 Jul 2025 19:57:55 GMT"}],"EndpointProperties":[{"Name":"fingerprint","Value":"1egtli7jyq"},{"Name":"integrity","Value":"sha256-OeXQdKQK8ax8zaFy4IJuAqVSmTUTcz1a7YYRmWtDbrE="},{"Name":"label","Value":"lib/bootstrap/dist/css/bootstrap.min.css"}]},{"Route":"lib/bootstrap/dist/css/bootstrap.min.css","AssetFile":"lib/bootstrap/dist/css/bootstrap.min.css","Selectors":[],"ResponseHeaders":[{"Name":"Accept-Ranges","Value":"bytes"},{"Name":"Cache-Control","Value":"no-cache"},{"Name":"Content-Length","Value":"2549"},{"Name":"Content-Type","Value":"text/css"},{"Name":"ETag","Value":"\"OeXQdKQK8ax8zaFy4IJuAqVSmTUTcz1a7YYRmWtDbrE=\""},{"Name":"Last-Modified","Value":"Sun, 20 Jul 2025 19:57:55 GMT"}],"EndpointProperties":[{"Name":"integrity","Value":"sha256-OeXQdKQK8ax8zaFy4IJuAqVSmTUTcz1a7YYRmWtDbrE="}]},{"Route":"lib/bootstrap/dist/js/bootstrap.bundle.min.js","AssetFile":"lib/bootstrap/dist/js/bootstrap.bundle.min.js","Selectors":[],"ResponseHeaders":[{"Name":"Accept-Ranges","Value":"bytes"},{"Name":"Cache-Control","Value":"no-cache"},{"Name":"Content-Length","Value":"343"},{"Name":"Content-Type","Value":"text/javascript"},{"Name":"ETag","Value":"\"Y4OLZ7XhblvawtfYfJkkKM2BdgggFunf7/doKje6c8I=\""},{"Name":"Last-Modified","Value":"Sun, 20 Jul 2025 19:58:08 GMT"}],"EndpointProperties":[{"Name":"integrity","Value":"sha256-Y4OLZ7XhblvawtfYfJkkKM2BdgggFunf7/doKje6c8I="}]},{"Route":"lib/bootstrap/dist/js/bootstrap.bundle.min.xvutb8nzjs.js","AssetFile":"lib/bootstrap/dist/js/bootstrap.bundle.min.js","Selectors":[],"ResponseHeaders":[{"Name":"Accept-Ranges","Value":"bytes"},{"Name":"Cache-Control","Value":"max-age=31536000, immutable"},{"Name":"Content-Length","Value":"343"},{"Name":"Content-Type","Value":"text/javascript"},{"Name":"ETag","Value":"\"Y4OLZ7XhblvawtfYfJkkKM2BdgggFunf7/doKje6c8I=\""},{"Name":"Last-Modified","Value":"Sun, 20 Jul 2025 19:58:08 GMT"}],"EndpointProperties":[{"Name":"fingerprint","Value":"xvutb8nzjs"},{"Name":"integrity","Value":"sha256-Y4OLZ7XhblvawtfYfJkkKM2BdgggFunf7/doKje6c8I="},{"Name":"label","Value":"lib/bootstrap/dist/js/bootstrap.bundle.min.js"}]},{"Route":"lib/jquery/dist/jquery.min.dd6z7egasc.js","AssetFile":"lib/jquery/dist/jquery.min.js","Selectors":[],"ResponseHeaders":[{"Name":"Accept-Ranges","Value":"bytes"},{"Name":"Cache-Control","Value":"max-age=31536000, immutable"},{"Name":"Content-Length","Value":"89501"},{"Name":"Content-Type","Value":"text/javascript"},{"Name":"ETag","Value":"\"/xUj+3OJU5yExlq6GSYGSHk7tPXikynS7ogEvDej/m4=\""},{"Name":"Last-Modified","Value":"Sun, 20 Jul 2025 22:01:46 GMT"}],"EndpointProperties":[{"Name":"fingerprint","Value":"dd6z7egasc"},{"Name":"integrity","Value":"sha256-/xUj+3OJU5yExlq6GSYGSHk7tPXikynS7ogEvDej/m4="},{"Name":"label","Value":"lib/jquery/dist/jquery.min.js"}]},{"Route":"lib/jquery/dist/jquery.min.js","AssetFile":"lib/jquery/dist/jquery.min.js","Selectors":[],"ResponseHeaders":[{"Name":"Accept-Ranges","Value":"bytes"},{"Name":"Cache-Control","Value":"no-cache"},{"Name":"Content-Length","Value":"89501"},{"Name":"Content-Type","Value":"text/javascript"},{"Name":"ETag","Value":"\"/xUj+3OJU5yExlq6GSYGSHk7tPXikynS7ogEvDej/m4=\""},{"Name":"Last-Modified","Value":"Sun, 20 Jul 2025 22:01:46 GMT"}],"EndpointProperties":[{"Name":"integrity","Value":"sha256-/xUj+3OJU5yExlq6GSYGSHk7tPXikynS7ogEvDej/m4="}]}]}