﻿<?xml version="1.0" encoding="utf-8"?>
<deployment>
  <id>58b80459-4a2a-4564-ae8c-864251d0bc23</id>
  <author>N/A</author>
  <deployer>Push-Deployer</deployer>
  <authorEmail>N/A</authorEmail>
  <message>Created via a push deployment</message>
  <progress></progress>
  <status>Success</status>
  <statusText></statusText>
  <lastSuccessEndTime>2025-07-20T06:13:29.5096573Z</lastSuccessEndTime>
  <receivedTime>2025-07-20T06:13:15.3266435Z</receivedTime>
  <startTime>2025-07-20T06:13:16.7606575Z</startTime>
  <endTime>2025-07-20T06:13:29.5096573Z</endTime>
  <complete>True</complete>
  <is_temp>False</is_temp>
  <is_readonly>True</is_readonly>
  <buildSummary />
</deployment>