﻿<?xml version="1.0" encoding="utf-8"?>
<deployment>
  <id>a2b4fa57-f5b6-4263-9c57-414828422e12</id>
  <author>N/A</author>
  <deployer>OneDeploy</deployer>
  <authorEmail>N/A</authorEmail>
  <message>OneDeploy</message>
  <progress></progress>
  <status>Success</status>
  <statusText></statusText>
  <lastSuccessEndTime>2025-07-20T08:50:59.5307215Z</lastSuccessEndTime>
  <receivedTime>2025-07-20T08:50:52.8293009Z</receivedTime>
  <startTime>2025-07-20T08:50:54.1796318Z</startTime>
  <endTime>2025-07-20T08:50:59.5307215Z</endTime>
  <complete>True</complete>
  <is_temp>False</is_temp>
  <is_readonly>True</is_readonly>
  <buildSummary />
</deployment>