﻿<?xml version="1.0" encoding="utf-8"?>
<deployment>
  <id>ffe2df81-1fbd-4296-9900-4361b797fbbf</id>
  <author>N/A</author>
  <deployer>OneDeploy</deployer>
  <authorEmail>N/A</authorEmail>
  <message>OneDeploy</message>
  <progress></progress>
  <status>Success</status>
  <statusText></statusText>
  <lastSuccessEndTime>2025-07-20T09:08:09.261299Z</lastSuccessEndTime>
  <receivedTime>2025-07-20T09:08:01.0055943Z</receivedTime>
  <startTime>2025-07-20T09:08:02.5928359Z</startTime>
  <endTime>2025-07-20T09:08:09.261299Z</endTime>
  <complete>True</complete>
  <is_temp>False</is_temp>
  <is_readonly>True</is_readonly>
  <buildSummary />
</deployment>