﻿<?xml version="1.0" encoding="utf-8"?>
<deployment>
  <id>7c45792c-fff2-46b9-9789-082ca10f73b4</id>
  <author>N/A</author>
  <deployer>OneDeploy</deployer>
  <authorEmail>N/A</authorEmail>
  <message>OneDeploy</message>
  <progress></progress>
  <status>Success</status>
  <statusText></statusText>
  <lastSuccessEndTime>2025-07-20T08:23:45.5940497Z</lastSuccessEndTime>
  <receivedTime>2025-07-20T08:23:38.3919041Z</receivedTime>
  <startTime>2025-07-20T08:23:39.7333275Z</startTime>
  <endTime>2025-07-20T08:23:45.5940497Z</endTime>
  <complete>True</complete>
  <is_temp>False</is_temp>
  <is_readonly>True</is_readonly>
  <buildSummary />
</deployment>